4.444444444444444198e-01	7.244731150930494579e-04
8.888888888888888395e-01	1.369100823402136019e-03
1.333333333333333259e+00	2.070451079928536942e-03
1.777777777777777679e+00	2.833149765466447256e-03
2.222222222222222321e+00	3.543580155198955417e-03
2.666666666666666519e+00	4.264140012121497847e-03
3.111111111111111160e+00	4.801897144341536403e-03
3.555555555555555358e+00	5.427938978223468582e-03
4.000000000000000000e+00	6.166109821338471540e-03
4.444444444444444642e+00	6.760509267785819176e-03
4.888888888888889284e+00	7.422331789392556424e-03
5.333333333333333037e+00	8.097722737306467522e-03
5.777777777777777679e+00	8.860971726215693955e-03
6.222222222222222321e+00	9.608138076541150596e-03
6.666666666666666963e+00	1.030118120680900869e-02
7.111111111111110716e+00	1.088103199613976897e-02
7.555555555555555358e+00	1.156448586584857274e-02
8.000000000000000000e+00	1.218734086711481535e-02
8.444444444444444642e+00	1.288016518432433082e-02
8.888888888888889284e+00	1.345054566980341537e-02
9.333333333333333925e+00	1.402758435197570819e-02
9.777777777777778567e+00	1.469478388984257582e-02
1.022222222222222143e+01	1.530121107723414302e-02
1.066666666666666607e+01	1.604214053111363558e-02
1.111111111111111072e+01	1.664752968536686514e-02
1.155555555555555536e+01	1.730058207767704026e-02
1.200000000000000000e+01	1.794914879699615815e-02
1.244444444444444464e+01	1.849083345263891412e-02
1.288888888888888928e+01	1.925238494095393368e-02
1.333333333333333393e+01	1.988679725029296116e-02
1.377777777777777857e+01	2.055101512083468487e-02
1.422222222222222143e+01	2.123921230297409757e-02
1.466666666666666607e+01	2.191402284246768417e-02
1.511111111111111072e+01	2.256196929699127995e-02
1.555555555555555536e+01	2.318918156741389333e-02
1.600000000000000000e+01	2.384355175194141641e-02
1.644444444444444287e+01	2.445620774891066329e-02
1.688888888888888928e+01	2.521091654480667188e-02
1.733333333333333215e+01	2.589146748542348400e-02
1.777777777777777857e+01	2.649497291238633520e-02
1.822222222222222143e+01	2.712293533388132963e-02
1.866666666666666785e+01	2.779047209552443568e-02
1.911111111111111072e+01	2.840952791318217957e-02
1.955555555555555713e+01	2.899061003360448030e-02
2.000000000000000000e+01	2.979639723167969850e-02
2.044444444444444287e+01	3.031847775155549485e-02
2.088888888888888928e+01	3.106956130402560579e-02
2.133333333333333215e+01	3.173198628723361558e-02
2.177777777777777857e+01	3.222122297109319272e-02
2.222222222222222143e+01	3.288679747065226255e-02
2.266666666666666785e+01	3.339990864219932742e-02
2.311111111111111072e+01	3.410970198387652808e-02
2.355555555555555713e+01	3.461961262662128364e-02
2.400000000000000000e+01	3.526105387760802845e-02
2.444444444444444287e+01	3.586376799793811188e-02
2.488888888888888928e+01	3.642113475901942454e-02
2.533333333333333215e+01	3.698430534965524430e-02
2.577777777777777857e+01	3.764893329668594912e-02
2.622222222222222143e+01	3.832980972884414417e-02
2.666666666666666785e+01	3.893744855396963356e-02
2.711111111111111072e+01	3.952139014716716386e-02
2.755555555555555713e+01	4.006338160686706562e-02
2.800000000000000000e+01	4.069318382774755882e-02
2.844444444444444287e+01	4.139356956017504335e-02
2.888888888888888928e+01	4.192228742219494819e-02
2.933333333333333215e+01	4.259571672569628653e-02
2.977777777777777857e+01	4.318255257271986364e-02
3.022222222222222143e+01	4.386267078964678490e-02
3.066666666666666785e+01	4.452899009565236543e-02
3.111111111111111072e+01	4.508944972000573231e-02
3.155555555555555713e+01	4.564644884056124480e-02
3.200000000000000000e+01	4.622627108057652395e-02
3.244444444444444287e+01	4.678348293216493675e-02
3.288888888888888573e+01	4.734350635057049672e-02
3.333333333333333570e+01	4.783853524558889792e-02
3.377777777777777857e+01	4.831725032806066106e-02
3.422222222222222143e+01	4.876189075826031782e-02
3.466666666666666430e+01	4.935764469650205655e-02
3.511111111111111427e+01	4.985963903886280607e-02
3.555555555555555713e+01	5.043216240705649528e-02
3.600000000000000000e+01	5.103938079600777583e-02
3.644444444444444287e+01	5.153183246848457716e-02
3.688888888888888573e+01	5.207746332799223499e-02
3.733333333333333570e+01	5.260772656170475958e-02
3.777777777777777857e+01	5.312064305813068987e-02
3.822222222222222143e+01	5.359847280318851687e-02
3.866666666666666430e+01	5.414176516050584614e-02
3.911111111111111427e+01	5.445864848332460095e-02
3.955555555555555713e+01	5.495941312451246841e-02
4.000000000000000000e+01	5.561214357693112370e-02
4.044444444444444287e+01	5.603273572368949046e-02
4.088888888888888573e+01	5.656025314075363575e-02
4.133333333333333570e+01	5.714806445674536217e-02
4.177777777777777857e+01	5.768076533263677419e-02
4.222222222222222143e+01	5.829265197939781373e-02
4.266666666666666430e+01	5.882960944731185915e-02
4.311111111111111427e+01	5.940232294759751480e-02
4.355555555555555713e+01	5.990936361949872335e-02
4.400000000000000000e+01	6.036713230739908925e-02
4.444444444444444287e+01	6.079891632499014043e-02
4.488888888888888573e+01	6.131339967021187665e-02
4.533333333333333570e+01	6.194444771358664781e-02
4.577777777777777857e+01	6.245922400219838799e-02
4.622222222222222143e+01	6.307491818660782013e-02
4.666666666666666430e+01	6.360191419731588136e-02
4.711111111111111427e+01	6.412556518777921821e-02
4.755555555555555713e+01	6.470528687849974592e-02
4.800000000000000000e+01	6.522641426317021818e-02
4.844444444444444287e+01	6.577962216936905637e-02
4.888888888888888573e+01	6.635738508330868424e-02
4.933333333333333570e+01	6.683398074787227916e-02
4.977777777777777857e+01	6.745596567360245821e-02
5.022222222222222143e+01	6.804501636814754006e-02
5.066666666666666430e+01	6.856639344317459750e-02
5.111111111111111427e+01	6.908332052695441428e-02
5.155555555555555713e+01	6.962917059781235929e-02
5.200000000000000000e+01	7.008838005807759008e-02
5.244444444444444287e+01	7.059903122808873499e-02
5.288888888888888573e+01	7.123526326163254208e-02
5.333333333333333570e+01	7.175044149349563138e-02
5.377777777777777857e+01	7.234640394286262488e-02
5.422222222222222143e+01	7.291389579793351727e-02
5.466666666666666430e+01	7.353661150551094039e-02
5.511111111111111427e+01	7.405050125268930472e-02
5.555555555555555713e+01	7.448986389612734238e-02
5.600000000000000000e+01	7.501883101610085092e-02
5.644444444444444287e+01	7.550392934562766278e-02
5.688888888888888573e+01	7.609226154144045629e-02
5.733333333333333570e+01	7.654611837188042556e-02
5.777777777777777857e+01	7.701883172254374299e-02
5.822222222222222143e+01	7.744579340694368597e-02
5.866666666666666430e+01	7.792913443291059339e-02
5.911111111111111427e+01	7.854044820963645979e-02
5.955555555555555713e+01	7.893846396589730696e-02
6.000000000000000000e+01	7.936723154589851725e-02
6.044444444444444287e+01	7.983013149124749963e-02
6.088888888888888573e+01	8.034069733332850627e-02
6.133333333333333570e+01	8.100510856652477776e-02
6.177777777777777857e+01	8.153284658512205407e-02
6.222222222222222143e+01	8.204230493440654859e-02
6.266666666666666430e+01	8.251571103590114864e-02
6.311111111111111427e+01	8.295339841563841021e-02
6.355555555555555713e+01	8.338358523897436425e-02
6.400000000000000000e+01	8.401112244813668806e-02
6.444444444444444287e+01	8.450096862020704813e-02
6.488888888888888573e+01	8.483679250065723210e-02
6.533333333333332860e+01	8.522324522711721695e-02
6.577777777777777146e+01	8.552287670947911202e-02
6.622222222222222854e+01	8.586941878642349868e-02
6.666666666666667140e+01	8.628273984497003557e-02
6.711111111111111427e+01	8.684060088388510790e-02
6.755555555555555713e+01	8.730186070415846267e-02
6.800000000000000000e+01	8.770245835737321138e-02
6.844444444444444287e+01	8.813995805566066100e-02
6.888888888888888573e+01	8.860950682916514387e-02
6.933333333333332860e+01	8.904060116124790092e-02
6.977777777777777146e+01	8.967981920596590495e-02
7.022222222222222854e+01	9.022976431669059438e-02
7.066666666666667140e+01	9.066400021424178557e-02
7.111111111111111427e+01	9.112801571228944242e-02
7.155555555555555713e+01	9.155724127291953174e-02
7.200000000000000000e+01	9.210815231184220353e-02
7.244444444444444287e+01	9.248149454084786392e-02
7.288888888888888573e+01	9.290725204631457290e-02
7.333333333333332860e+01	9.341828687720231394e-02
7.377777777777777146e+01	9.386397544205880850e-02
7.422222222222222854e+01	9.418791736039257290e-02
7.466666666666667140e+01	9.457754745791213669e-02
7.511111111111111427e+01	9.493819856298765791e-02
7.555555555555555713e+01	9.528557949814986383e-02
7.600000000000000000e+01	9.581801740694495528e-02
7.644444444444444287e+01	9.618541066280950069e-02
7.688888888888888573e+01	9.660564087438815173e-02
7.733333333333332860e+01	9.707074146083494171e-02
7.777777777777777146e+01	9.737959823133866821e-02
7.822222222222222854e+01	9.777110825941870420e-02
7.866666666666667140e+01	9.828508102793585832e-02
7.911111111111111427e+01	9.863412777055213798e-02
7.955555555555555713e+01	9.904592422691471665e-02
8.000000000000000000e+01	9.942171241260014392e-02
8.044444444444444287e+01	9.983125246876743686e-02
8.088888888888888573e+01	1.003547983437932528e-01
8.133333333333332860e+01	1.007510404567903972e-01
8.177777777777777146e+01	1.012387341936821089e-01
8.222222222222222854e+01	1.017921066962499399e-01
8.266666666666667140e+01	1.022115740923468102e-01
8.311111111111111427e+01	1.026365935615158737e-01
8.355555555555555713e+01	1.030234844628893087e-01
8.400000000000000000e+01	1.034512302406347395e-01
8.444444444444444287e+01	1.038960576927179247e-01
8.488888888888888573e+01	1.043806873199051438e-01
8.533333333333332860e+01	1.048350245338174336e-01
8.577777777777777146e+01	1.053943710601742412e-01
8.622222222222222854e+01	1.058672175652630720e-01
8.666666666666667140e+01	1.063183054596942428e-01
8.711111111111111427e+01	1.065308762428340689e-01
8.755555555555555713e+01	1.067519859799630350e-01
8.800000000000000000e+01	1.070307269795688354e-01
8.844444444444444287e+01	1.074705270467705281e-01
8.888888888888888573e+01	1.077139418282284655e-01
8.933333333333332860e+01	1.081759229975848419e-01
8.977777777777777146e+01	1.084755870922249205e-01
9.022222222222222854e+01	1.089499416852112018e-01
9.066666666666667140e+01	1.093393984608477115e-01
9.111111111111111427e+01	1.097586848056241182e-01
9.155555555555555713e+01	1.102856515304458940e-01
9.200000000000000000e+01	1.107744669403152443e-01
9.244444444444444287e+01	1.109892750687203472e-01
9.288888888888888573e+01	1.112864665967771005e-01
9.333333333333332860e+01	1.117176295430091226e-01
9.377777777777777146e+01	1.122048477483139489e-01
9.422222222222222854e+01	1.126724824922886725e-01
9.466666666666667140e+01	1.130177263148606226e-01
9.511111111111111427e+01	1.135450676184291963e-01
9.555555555555555713e+01	1.139093087044238534e-01
9.600000000000000000e+01	1.143511605624930455e-01
9.644444444444444287e+01	1.147757406015218473e-01
9.688888888888888573e+01	1.151951560514231782e-01
9.733333333333332860e+01	1.155458458362602497e-01
9.777777777777777146e+01	1.159683666570827526e-01
9.822222222222222854e+01	1.163374401473300512e-01
9.866666666666667140e+01	1.166901843113694465e-01
9.911111111111111427e+01	1.170462363746375273e-01
9.955555555555555713e+01	1.174456046045113528e-01
1.000000000000000000e+02	1.176703328636511253e-01
1.004444444444444429e+02	1.180664964904266506e-01
1.008888888888888857e+02	1.183464425308438234e-01
1.013333333333333286e+02	1.187475494975592932e-01
1.017777777777777715e+02	1.190685563639046762e-01
1.022222222222222285e+02	1.195268464144706305e-01
1.026666666666666714e+02	1.199630474427316740e-01
1.031111111111111143e+02	1.203094722740226524e-01
1.035555555555555571e+02	1.206588190702028024e-01
1.040000000000000000e+02	1.211247337525782480e-01
1.044444444444444429e+02	1.215431905998261009e-01
1.048888888888888857e+02	1.219289703342180259e-01
1.053333333333333286e+02	1.222267159682527277e-01
1.057777777777777715e+02	1.224803125174269702e-01
1.062222222222222285e+02	1.228826444249515731e-01
1.066666666666666714e+02	1.232654359313503228e-01
1.071111111111111143e+02	1.236585523479175747e-01
1.075555555555555571e+02	1.241364721017616940e-01
1.080000000000000000e+02	1.244903711215851194e-01
1.084444444444444429e+02	1.248370136178391515e-01
1.088888888888888857e+02	1.251186716079039085e-01
1.093333333333333286e+02	1.255015560271309782e-01
1.097777777777777715e+02	1.258902880929440027e-01
1.102222222222222285e+02	1.262743207178729232e-01
1.106666666666666714e+02	1.267063794751450978e-01
1.111111111111111143e+02	1.270090548751101889e-01
1.115555555555555571e+02	1.272354875154403375e-01
1.120000000000000000e+02	1.277227824359759845e-01
1.124444444444444429e+02	1.280567574192219837e-01
1.128888888888888857e+02	1.284115046298973661e-01
1.133333333333333286e+02	1.287477973963189193e-01
1.137777777777777715e+02	1.293080812304894245e-01
1.142222222222222285e+02	1.296562185535408140e-01
1.146666666666666714e+02	1.300466506337165373e-01
1.151111111111111143e+02	1.304217328209438254e-01
1.155555555555555571e+02	1.308473185843793407e-01
1.160000000000000000e+02	1.312119606207192701e-01
1.164444444444444429e+02	1.315733995241187282e-01
1.168888888888888857e+02	1.318545707390045008e-01
1.173333333333333286e+02	1.323016193534859164e-01
1.177777777777777715e+02	1.326888067281748462e-01
1.182222222222222285e+02	1.330729129004764866e-01
1.186666666666666714e+02	1.333971122466479642e-01
1.191111111111111143e+02	1.339340200506693446e-01
1.195555555555555571e+02	1.342957872368414629e-01
1.200000000000000000e+02	1.347321360981814375e-01
1.204444444444444429e+02	1.351745884679529386e-01
1.208888888888888857e+02	1.356137756088424684e-01
1.213333333333333286e+02	1.359599410295374566e-01
1.217777777777777715e+02	1.361308895411209863e-01
1.222222222222222285e+02	1.366368434683097322e-01
1.226666666666666714e+02	1.370102104635563256e-01
1.231111111111111143e+02	1.373557764096599021e-01
1.235555555555555571e+02	1.377069224277424897e-01
1.240000000000000000e+02	1.379527829715514464e-01
1.244444444444444429e+02	1.382837851728195011e-01
1.248888888888888857e+02	1.385354990738932868e-01
1.253333333333333286e+02	1.387108134292807382e-01
1.257777777777777715e+02	1.391388980201179182e-01
1.262222222222222285e+02	1.395662750570838551e-01
1.266666666666666714e+02	1.398433108450060358e-01
1.271111111111111143e+02	1.401311824719883026e-01
1.275555555555555571e+02	1.404083993473470571e-01
1.280000000000000000e+02	1.407554448056733687e-01
1.284444444444444571e+02	1.410050797305879566e-01
1.288888888888888857e+02	1.413671023827227646e-01
1.293333333333333428e+02	1.416516371160229104e-01
1.297777777777777715e+02	1.420669974213699394e-01
1.302222222222222285e+02	1.424536335775773432e-01
1.306666666666666572e+02	1.425892556974162062e-01
1.311111111111111143e+02	1.428289608903247632e-01
1.315555555555555429e+02	1.432648966784257905e-01
1.320000000000000000e+02	1.435185061788855077e-01
1.324444444444444571e+02	1.439178159134555379e-01
1.328888888888888857e+02	1.443647361781008887e-01
1.333333333333333428e+02	1.447415237626925588e-01
1.337777777777777715e+02	1.449825049726888304e-01
1.342222222222222285e+02	1.452677172373651737e-01
1.346666666666666572e+02	1.456304018007319179e-01
1.351111111111111143e+02	1.460493616561693020e-01
1.355555555555555429e+02	1.463618346414221616e-01
1.360000000000000000e+02	1.466363067837540557e-01
1.364444444444444571e+02	1.469360272230253450e-01
1.368888888888888857e+02	1.472704507716476874e-01
1.373333333333333428e+02	1.477237741840172758e-01
1.377777777777777715e+02	1.479985055032082553e-01
1.382222222222222285e+02	1.484837300977641383e-01
1.386666666666666572e+02	1.487818094859508777e-01
1.391111111111111143e+02	1.490647530859783021e-01
1.395555555555555429e+02	1.495680358659756404e-01
1.400000000000000000e+02	1.499862790253496669e-01
1.404444444444444571e+02	1.502997972323293074e-01
1.408888888888888857e+02	1.507883005499514040e-01
1.413333333333333428e+02	1.510978375286183839e-01
1.417777777777777715e+02	1.515333811841571565e-01
1.422222222222222285e+02	1.520448293431545528e-01
1.426666666666666572e+02	1.525692857264514535e-01
1.431111111111111143e+02	1.526714673319095050e-01
1.435555555555555429e+02	1.530282188146211420e-01
1.440000000000000000e+02	1.535065686390635342e-01
1.444444444444444571e+02	1.536570130246184274e-01
1.448888888888888857e+02	1.539054350404918114e-01
1.453333333333333428e+02	1.542257388595101864e-01
1.457777777777777715e+02	1.545553992970165880e-01
1.462222222222222285e+02	1.548867093173902365e-01
1.466666666666666572e+02	1.551383072923359918e-01
1.471111111111111143e+02	1.554225799085685866e-01
1.475555555555555429e+02	1.557358756980404824e-01
1.480000000000000000e+02	1.560778667724537216e-01
1.484444444444444571e+02	1.561954448383333638e-01
1.488888888888888857e+02	1.565401875453122094e-01
1.493333333333333428e+02	1.569061876915406606e-01
1.497777777777777715e+02	1.572944586146027002e-01
1.502222222222222285e+02	1.576067097681981000e-01
1.506666666666666572e+02	1.580178171067350978e-01
1.511111111111111143e+02	1.582903545434211634e-01
1.515555555555555429e+02	1.585383417515885407e-01
1.520000000000000000e+02	1.589716690654585374e-01
1.524444444444444571e+02	1.593333517678645617e-01
1.528888888888888857e+02	1.597869016969699629e-01
1.533333333333333428e+02	1.602073433639377154e-01
1.537777777777777715e+02	1.605145911183925023e-01
1.542222222222222285e+02	1.608657247869319795e-01
1.546666666666666572e+02	1.611030886637928317e-01
1.551111111111111143e+02	1.615163274649311642e-01
1.555555555555555429e+02	1.619499767525622858e-01
1.560000000000000000e+02	1.624160047565181841e-01
1.564444444444444571e+02	1.627473870122796429e-01
1.568888888888888857e+02	1.631532622056253989e-01
1.573333333333333428e+02	1.635484651643460408e-01
1.577777777777777715e+02	1.637856037291587352e-01
1.582222222222222285e+02	1.639858894792318722e-01
1.586666666666666572e+02	1.642659288926477945e-01
1.591111111111111143e+02	1.645238547546994390e-01
1.595555555555555429e+02	1.649290114547606878e-01
1.600000000000000000e+02	1.651788574657780673e-01
1.604444444444444571e+02	1.655913633177693578e-01
1.608888888888888857e+02	1.659370720550462641e-01
1.613333333333333428e+02	1.662243117715359875e-01
1.617777777777777715e+02	1.665073195829853414e-01
1.622222222222222285e+02	1.668767687559788715e-01
1.626666666666666572e+02	1.671315560339887707e-01
1.631111111111111143e+02	1.675335339755864295e-01
1.635555555555555429e+02	1.678396440156361136e-01
1.640000000000000000e+02	1.681120813832676919e-01
1.644444444444444571e+02	1.685329863597395395e-01
1.648888888888888857e+02	1.690554209794059570e-01
1.653333333333333428e+02	1.694372070406192643e-01
1.657777777777777715e+02	1.698129903168205945e-01
1.662222222222222285e+02	1.701180639461936650e-01
1.666666666666666572e+02	1.704539329193388575e-01
1.671111111111111143e+02	1.707694398555711368e-01
1.675555555555555429e+02	1.710579766097123366e-01
1.680000000000000000e+02	1.713959657785990576e-01
1.684444444444444571e+02	1.716319424888060885e-01
1.688888888888888857e+02	1.719538488589276992e-01
1.693333333333333428e+02	1.724293594741903857e-01
1.697777777777777715e+02	1.726557553966685532e-01
1.702222222222222285e+02	1.728519682741234131e-01
1.706666666666666572e+02	1.731839899670820637e-01
1.711111111111111143e+02	1.734718618633082077e-01
1.715555555555555429e+02	1.738281485389590875e-01
1.720000000000000000e+02	1.741549921591890593e-01
1.724444444444444571e+02	1.745925131108184980e-01
1.728888888888888857e+02	1.750624227121194421e-01
1.733333333333333428e+02	1.752234452882868998e-01
1.737777777777777715e+02	1.755064178843086520e-01
1.742222222222222285e+02	1.758061162458006699e-01
1.746666666666666572e+02	1.760195006174678500e-01
1.751111111111111143e+02	1.763024387579066321e-01
1.755555555555555429e+02	1.765638058183389425e-01
1.760000000000000000e+02	1.768196561968574665e-01
1.764444444444444571e+02	1.770635415322298067e-01
1.768888888888888857e+02	1.772913120394372377e-01
1.773333333333333428e+02	1.777477832810805403e-01
1.777777777777777715e+02	1.780611298769283479e-01
1.782222222222222285e+02	1.784354156555154614e-01
1.786666666666666572e+02	1.787069405721846138e-01
1.791111111111111143e+02	1.788965818708546374e-01
1.795555555555555429e+02	1.791429175316048283e-01
1.800000000000000000e+02	1.794341400612560200e-01
1.804444444444444571e+02	1.795541021063460363e-01
1.808888888888888857e+02	1.798161671332624278e-01
1.813333333333333428e+02	1.801624868144018621e-01
1.817777777777777715e+02	1.803486641801238521e-01
1.822222222222222285e+02	1.805602393814288165e-01
1.826666666666666572e+02	1.808477307812522139e-01
1.831111111111111143e+02	1.811825911968656388e-01
1.835555555555555429e+02	1.816332204478101620e-01
1.840000000000000000e+02	1.819493056599038594e-01
1.844444444444444571e+02	1.822087925293086608e-01
1.848888888888888857e+02	1.824814408593334880e-01
1.853333333333333428e+02	1.826298208788781074e-01
1.857777777777777715e+02	1.829471987553880907e-01
1.862222222222222285e+02	1.832168085175635841e-01
1.866666666666666572e+02	1.835157534882002617e-01
1.871111111111111143e+02	1.838613995327119943e-01
1.875555555555555429e+02	1.841704301462198934e-01
1.880000000000000000e+02	1.845648454427698537e-01
1.884444444444444571e+02	1.848096467878756755e-01
1.888888888888888857e+02	1.850692266115906426e-01
1.893333333333333428e+02	1.851749436794851711e-01
1.897777777777777715e+02	1.854389274753704131e-01
1.902222222222222285e+02	1.857780354948406487e-01
1.906666666666666572e+02	1.862367709251888659e-01
1.911111111111111143e+02	1.864743634937654493e-01
1.915555555555555429e+02	1.869107728639769206e-01
1.920000000000000000e+02	1.874037664683056714e-01
1.924444444444444571e+02	1.877793254892510533e-01
1.928888888888888857e+02	1.882010143339487851e-01
1.933333333333333428e+02	1.884739127979216666e-01
1.937777777777777715e+02	1.886397590721742568e-01
1.942222222222222285e+02	1.888081084603614457e-01
1.946666666666666572e+02	1.892135208397618396e-01
1.951111111111111143e+02	1.894973390480214626e-01
1.955555555555555429e+02	1.896053864905251629e-01
1.960000000000000000e+02	1.898830951854457438e-01
1.964444444444444571e+02	1.901261835720096105e-01
1.968888888888888857e+02	1.903409284487440623e-01
1.973333333333333428e+02	1.906260047760718612e-01
1.977777777777777715e+02	1.909217345894778095e-01
1.982222222222222285e+02	1.912597423419780673e-01
1.986666666666666572e+02	1.913917676856191907e-01
1.991111111111111143e+02	1.916116162597928385e-01
1.995555555555555429e+02	1.918906196657935992e-01
2.000000000000000000e+02	1.922202395939283659e-01
2.004444444444444571e+02	1.924249078182644623e-01
2.008888888888888857e+02	1.927459224745892707e-01
2.013333333333333428e+02	1.931460314371871156e-01
2.017777777777777715e+02	1.934307081608057366e-01
2.022222222222222285e+02	1.936992509763864889e-01
2.026666666666666572e+02	1.938641482402108651e-01
2.031111111111111143e+02	1.940598758719922490e-01
2.035555555555555429e+02	1.943892208322740567e-01
2.040000000000000000e+02	1.947468173188424967e-01
2.044444444444444571e+02	1.950327201496631080e-01
2.048888888888888857e+02	1.954220313505891649e-01
2.053333333333333428e+02	1.955995224621052686e-01
2.057777777777777715e+02	1.958769313619052321e-01
2.062222222222222285e+02	1.961846463842601140e-01
2.066666666666666572e+02	1.963922897233749687e-01
2.071111111111111143e+02	1.966207802139388616e-01
2.075555555555555429e+02	1.970606992654622136e-01
2.080000000000000000e+02	1.973263295233538550e-01
2.084444444444444571e+02	1.975796652580247004e-01
2.088888888888888857e+02	1.978771635973334553e-01
2.093333333333333428e+02	1.981001925825158771e-01
2.097777777777777715e+02	1.983816582940051698e-01
2.102222222222222285e+02	1.988116569683780754e-01
2.106666666666666572e+02	1.993101025958989581e-01
2.111111111111111143e+02	1.996389078849567789e-01
2.115555555555555429e+02	1.999224741241082126e-01
2.120000000000000000e+02	2.003129433127464887e-01
2.124444444444444571e+02	2.005641606081597084e-01
2.128888888888888857e+02	2.007309513045168747e-01
2.133333333333333428e+02	2.009645078103569904e-01
2.137777777777777715e+02	2.011631016913712766e-01
2.142222222222222285e+02	2.014191143992840882e-01
2.146666666666666572e+02	2.018468554635875767e-01
2.151111111111111143e+02	2.020436580495511836e-01
2.155555555555555429e+02	2.023942970580792922e-01
2.160000000000000000e+02	2.026234648376774583e-01
2.164444444444444571e+02	2.029337518034724785e-01
2.168888888888888857e+02	2.032805466894679614e-01
2.173333333333333428e+02	2.035812743147954462e-01
2.177777777777777715e+02	2.039277346594270401e-01
2.182222222222222285e+02	2.042070610319852708e-01
2.186666666666666572e+02	2.044661917167492626e-01
2.191111111111111143e+02	2.048169654906293047e-01
2.195555555555555429e+02	2.052233689587436849e-01
2.200000000000000000e+02	2.054805050006137390e-01
2.204444444444444571e+02	2.059020201020944629e-01
2.208888888888888857e+02	2.062792637211869617e-01
2.213333333333333428e+02	2.065664888768382612e-01
2.217777777777777715e+02	2.068335419162751210e-01
2.222222222222222285e+02	2.071264316715280829e-01
2.226666666666666572e+02	2.075187913308396692e-01
2.231111111111111143e+02	2.078304739304437099e-01
2.235555555555555429e+02	2.081874716715919893e-01
2.240000000000000000e+02	2.084645472802387767e-01
2.244444444444444571e+02	2.083957860164351861e-01
2.248888888888888857e+02	2.087316437198735997e-01
2.253333333333333428e+02	2.092273922335226022e-01
2.257777777777777715e+02	2.096762978678191891e-01
2.262222222222222285e+02	2.098744283967337310e-01
2.266666666666666572e+02	2.101371552012842869e-01
2.271111111111111143e+02	2.105260248609504004e-01
2.275555555555555429e+02	2.106853930273945019e-01
2.280000000000000000e+02	2.107416585082062532e-01
2.284444444444444571e+02	2.111795065603505606e-01
2.288888888888888857e+02	2.114886112685651631e-01
2.293333333333333428e+02	2.117385672503614424e-01
2.297777777777777715e+02	2.119830545778481623e-01
2.302222222222222285e+02	2.122530155875511915e-01
2.306666666666666572e+02	2.125137675830096884e-01
2.311111111111111143e+02	2.128831363607890381e-01
2.315555555555555429e+02	2.133631362345529137e-01
2.320000000000000000e+02	2.135289323419523599e-01
2.324444444444444571e+02	2.139350821853527873e-01
2.328888888888888857e+02	2.142482803382206591e-01
2.333333333333333428e+02	2.145294533938704729e-01
2.337777777777777715e+02	2.145988801246608013e-01
2.342222222222222285e+02	2.146892637940588378e-01
2.346666666666666572e+02	2.148528326531193577e-01
2.351111111111111143e+02	2.150833453725296829e-01
2.355555555555555429e+02	2.153068024984782503e-01
2.360000000000000000e+02	2.156550894479669633e-01
2.364444444444444571e+02	2.159819996421263877e-01
2.368888888888888857e+02	2.161651306958099761e-01
2.373333333333333428e+02	2.162877036021843835e-01
2.377777777777777715e+02	2.166475522732460579e-01
2.382222222222222285e+02	2.170482017419216314e-01
2.386666666666666572e+02	2.172770827769891777e-01
2.391111111111111143e+02	2.173616425630681137e-01
2.395555555555555429e+02	2.175504193049506985e-01
2.400000000000000000e+02	2.177826084806422369e-01
2.404444444444444571e+02	2.179360099428110376e-01
2.408888888888888857e+02	2.180822895803309069e-01
2.413333333333333428e+02	2.182387875522576737e-01
2.417777777777777715e+02	2.185242897327295264e-01
2.422222222222222285e+02	2.186735934394475056e-01
2.426666666666666572e+02	2.190030438084130393e-01
2.431111111111111143e+02	2.192007315765163167e-01
2.435555555555555429e+02	2.195402024314134781e-01
2.440000000000000000e+02	2.198028061685599888e-01
2.444444444444444571e+02	2.199222058802494384e-01
2.448888888888888857e+02	2.201725654241110108e-01
2.453333333333333428e+02	2.205157710805775995e-01
2.457777777777777715e+02	2.209073924315826387e-01
2.462222222222222285e+02	2.211594041235666053e-01
2.466666666666666572e+02	2.214437402793022480e-01
2.471111111111111143e+02	2.216560291213277023e-01
2.475555555555555429e+02	2.218091998334308368e-01
2.480000000000000000e+02	2.220645924650825054e-01
2.484444444444444571e+02	2.223472453042508179e-01
2.488888888888888857e+02	2.223593601034442313e-01
2.493333333333333428e+02	2.226454368321950372e-01
2.497777777777777715e+02	2.227966498908938997e-01
2.502222222222222285e+02	2.228127858976172160e-01
2.506666666666666572e+02	2.229391193793225368e-01
2.511111111111111143e+02	2.231201322405390597e-01
2.515555555555555429e+02	2.234497007648275635e-01
2.520000000000000000e+02	2.235800416997456297e-01
2.524444444444444571e+02	2.239423865691442528e-01
2.528888888888888857e+02	2.241983184970575971e-01
2.533333333333333428e+02	2.242409666457876594e-01
2.537777777777777715e+02	2.244963234240355821e-01
2.542222222222222285e+02	2.247393582148178581e-01
2.546666666666666572e+02	2.250277032135382382e-01
2.551111111111111143e+02	2.252996653876579991e-01
2.555555555555555429e+02	2.254528292652706600e-01
2.560000000000000000e+02	2.258967344018119050e-01
2.564444444444444571e+02	2.262017489496493117e-01
2.568888888888889142e+02	2.266738062105637941e-01
2.573333333333333144e+02	2.268748135259293919e-01
2.577777777777777715e+02	2.271662838630056636e-01
2.582222222222222285e+02	2.273138461100374375e-01
2.586666666666666856e+02	2.275033497746865585e-01
2.591111111111110858e+02	2.278629301504520865e-01
2.595555555555555429e+02	2.280885094490684994e-01
2.600000000000000000e+02	2.284857529278123967e-01
2.604444444444444571e+02	2.287853184468290613e-01
2.608888888888889142e+02	2.289306092915122104e-01
2.613333333333333144e+02	2.290997461205284136e-01
2.617777777777777715e+02	2.292358811339219871e-01
2.622222222222222285e+02	2.294069783461596956e-01
2.626666666666666856e+02	2.298258106141982393e-01
2.631111111111110858e+02	2.299991386361486534e-01
2.635555555555555429e+02	2.301747155962987901e-01
2.640000000000000000e+02	2.306216133606089624e-01
2.644444444444444571e+02	2.309859224705043956e-01
2.648888888888889142e+02	2.312599223757949018e-01
2.653333333333333144e+02	2.314949404613750039e-01
2.657777777777777715e+02	2.317832962758431536e-01
2.662222222222222285e+02	2.321989778747755861e-01
2.666666666666666856e+02	2.323597620591799362e-01
2.671111111111110858e+02	2.326085072483466964e-01
2.675555555555555429e+02	2.327230270347692975e-01
2.680000000000000000e+02	2.329848706881239018e-01
2.684444444444444571e+02	2.330718215613828415e-01
2.688888888888889142e+02	2.332532645828533091e-01
2.693333333333333144e+02	2.336506288477663562e-01
2.697777777777777715e+02	2.338157915727524516e-01
2.702222222222222285e+02	2.341053324060530516e-01
2.706666666666666856e+02	2.341481550029801406e-01
2.711111111111110858e+02	2.344802916628666023e-01
2.715555555555555429e+02	2.346480419129415018e-01
2.720000000000000000e+02	2.346480542309508088e-01
2.724444444444444571e+02	2.350053398146614569e-01
2.728888888888889142e+02	2.353547153875490960e-01
2.733333333333333144e+02	2.355887327244025886e-01
2.737777777777777715e+02	2.356109218009537487e-01
2.742222222222222285e+02	2.356953877794961405e-01
2.746666666666666856e+02	2.359281308675051092e-01
2.751111111111110858e+02	2.362355949566316560e-01
2.755555555555555429e+02	2.364393808184153123e-01
2.760000000000000000e+02	2.365901559158035961e-01
2.764444444444444571e+02	2.369813559872291087e-01
2.768888888888889142e+02	2.372023099957611125e-01
2.773333333333333144e+02	2.375581139668836439e-01
2.777777777777777715e+02	2.378167792410647019e-01
2.782222222222222285e+02	2.381402256987207589e-01
2.786666666666666856e+02	2.383424500785583933e-01
2.791111111111110858e+02	2.385496745230979432e-01
2.795555555555555429e+02	2.387172613212146521e-01
2.800000000000000000e+02	2.388835670550112367e-01
2.804444444444444571e+02	2.390570020628584036e-01
2.808888888888889142e+02	2.393071979869356991e-01
2.813333333333333144e+02	2.396238738738354634e-01
2.817777777777777715e+02	2.396698763621042394e-01
2.822222222222222285e+02	2.397885120144797877e-01
2.826666666666666856e+02	2.402089392000600898e-01
2.831111111111110858e+02	2.405221308055215945e-01
2.835555555555555429e+02	2.408153287366256445e-01
2.840000000000000000e+02	2.411638727699092488e-01
2.844444444444444571e+02	2.415611012386429113e-01
2.848888888888889142e+02	2.419198009180753006e-01
2.853333333333333144e+02	2.422172720382811395e-01
2.857777777777777715e+02	2.424087291581434045e-01
2.862222222222222285e+02	2.427916408071363608e-01
2.866666666666666856e+02	2.430224668016057465e-01
2.871111111111110858e+02	2.433914791845245007e-01
2.875555555555555429e+02	2.435691735418699932e-01
2.880000000000000000e+02	2.438542344521620608e-01
2.884444444444444571e+02	2.440297349457336562e-01
2.888888888888889142e+02	2.441093768070007608e-01
2.893333333333333144e+02	2.442471806227294040e-01
2.897777777777777715e+02	2.445356349860048628e-01
2.902222222222222285e+02	2.446558882577607452e-01
2.906666666666666856e+02	2.449392286709677069e-01
2.911111111111110858e+02	2.452111024500529535e-01
2.915555555555555429e+02	2.454571175947527495e-01
2.920000000000000000e+02	2.457601646781676918e-01
2.924444444444444571e+02	2.460043315842274925e-01
2.928888888888889142e+02	2.462168295788839945e-01
2.933333333333333144e+02	2.463322835604269123e-01
2.937777777777777715e+02	2.466171827925144888e-01
2.942222222222222285e+02	2.469422549783643062e-01
2.946666666666666856e+02	2.472439959708319368e-01
2.951111111111110858e+02	2.475605632543139978e-01
2.955555555555555429e+02	2.478156646849695444e-01
2.960000000000000000e+02	2.480954531221394588e-01
2.964444444444444571e+02	2.485193259339697480e-01
2.968888888888889142e+02	2.487752735291329509e-01
2.973333333333333144e+02	2.490270764206521936e-01
2.977777777777777715e+02	2.493670685328372993e-01
2.982222222222222285e+02	2.495591391842396922e-01
2.986666666666666856e+02	2.496481308255869003e-01
2.991111111111110858e+02	2.497453445459144605e-01
2.995555555555555429e+02	2.499150697064467519e-01
3.000000000000000000e+02	2.501417442046430240e-01
3.004444444444444571e+02	2.501756715187685165e-01
3.008888888888889142e+02	2.502455987758828715e-01
3.013333333333333144e+02	2.504393455050368256e-01
3.017777777777777715e+02	2.507736020120192588e-01
3.022222222222222285e+02	2.509866084494927763e-01
3.026666666666666856e+02	2.513083237533981218e-01
3.031111111111110858e+02	2.514766917949523561e-01
3.035555555555555429e+02	2.516426160493783204e-01
3.040000000000000000e+02	2.520310270384873430e-01
3.044444444444444571e+02	2.525182657670325126e-01
3.048888888888889142e+02	2.525987033908601020e-01
3.053333333333333144e+02	2.529044979797825388e-01
3.057777777777777715e+02	2.531892151289457660e-01
3.062222222222222285e+02	2.534462477367337430e-01
3.066666666666666856e+02	2.537632514393744487e-01
3.071111111111110858e+02	2.540625275565576713e-01
3.075555555555555429e+02	2.542701950448906789e-01
3.080000000000000000e+02	2.545056815038773124e-01
3.084444444444444571e+02	2.547234788933204208e-01
3.088888888888889142e+02	2.549246377785998607e-01
3.093333333333333144e+02	2.551478125712620670e-01
3.097777777777777715e+02	2.552627510906224639e-01
3.102222222222222285e+02	2.554890933169776668e-01
3.106666666666666856e+02	2.554958138926542444e-01
3.111111111111110858e+02	2.555909201855801616e-01
3.115555555555555429e+02	2.556922598308407624e-01
3.120000000000000000e+02	2.558989274192096652e-01
3.124444444444444571e+02	2.560506125817800238e-01
3.128888888888889142e+02	2.563205448977444179e-01
3.133333333333333144e+02	2.565101829376009723e-01
3.137777777777777715e+02	2.566170762445291187e-01
3.142222222222222285e+02	2.568488899312855178e-01
3.146666666666666856e+02	2.570767833014705461e-01
3.151111111111110858e+02	2.572288387015165267e-01
3.155555555555555429e+02	2.573223376998256540e-01
3.160000000000000000e+02	2.575137429209469198e-01
3.164444444444444571e+02	2.576546910307174199e-01
3.168888888888889142e+02	2.580981355841747149e-01
3.173333333333333144e+02	2.583209982595561227e-01
3.177777777777777715e+02	2.583566473976565137e-01
3.182222222222222285e+02	2.585243532246355169e-01
3.186666666666666856e+02	2.586849513025745173e-01
3.191111111111110858e+02	2.589696876634676737e-01
3.195555555555555429e+02	2.592171939515264811e-01
3.200000000000000000e+02	2.594247669480235219e-01
3.204444444444444571e+02	2.595064196155172920e-01
3.208888888888889142e+02	2.598312335724163313e-01
3.213333333333333144e+02	2.600391964640068609e-01
3.217777777777777715e+02	2.601977385930973052e-01
3.222222222222222285e+02	2.606981520291287158e-01
3.226666666666666856e+02	2.609048910483792727e-01
3.231111111111110858e+02	2.610822612447603053e-01
3.235555555555555429e+02	2.615348528311991494e-01
3.240000000000000000e+02	2.616541413621764622e-01
3.244444444444444571e+02	2.616355246503233589e-01
3.248888888888889142e+02	2.619370360825152289e-01
3.253333333333333144e+02	2.622002988141186597e-01
3.257777777777777715e+02	2.623871311877793433e-01
3.262222222222222285e+02	2.626790873504211143e-01
3.266666666666666856e+02	2.629610274790945557e-01
3.271111111111110858e+02	2.631537951064812364e-01
3.275555555555555429e+02	2.633095686491448983e-01
3.280000000000000000e+02	2.634925940766607577e-01
3.284444444444444571e+02	2.638460023508819585e-01
3.288888888888889142e+02	2.642988655922912655e-01
3.293333333333333144e+02	2.644302926513513174e-01
3.297777777777777715e+02	2.646533567479557036e-01
3.302222222222222285e+02	2.648553711964206636e-01
3.306666666666666856e+02	2.653081455534542776e-01
3.311111111111110858e+02	2.655592805316601135e-01
3.315555555555555429e+02	2.659486767301809662e-01
3.320000000000000000e+02	2.662885706026064114e-01
3.324444444444444571e+02	2.665588581991200634e-01
3.328888888888889142e+02	2.669208769657801517e-01
3.333333333333333144e+02	2.672875233071925205e-01
3.337777777777777715e+02	2.673855414949166676e-01
3.342222222222222285e+02	2.676429530279502700e-01
3.346666666666666856e+02	2.676618513780936737e-01
3.351111111111110858e+02	2.679616539335568648e-01
3.355555555555555429e+02	2.682170371229642969e-01
3.360000000000000000e+02	2.684170187679192909e-01
3.364444444444444571e+02	2.685717229056804878e-01
3.368888888888889142e+02	2.688074532341657163e-01
3.373333333333333144e+02	2.690271472786617268e-01
3.377777777777777715e+02	2.693170395989868404e-01
3.382222222222222285e+02	2.694596560638188865e-01
3.386666666666666856e+02	2.695910259287515043e-01
3.391111111111110858e+02	2.696693765451463332e-01
3.395555555555555429e+02	2.698845882911187211e-01
3.400000000000000000e+02	2.700229544879552690e-01
3.404444444444444571e+02	2.701089408853587504e-01
3.408888888888889142e+02	2.703928592965079147e-01
3.413333333333333144e+02	2.704816263060496606e-01
3.417777777777777715e+02	2.705745855118735776e-01
3.422222222222222285e+02	2.707059214130913549e-01
3.426666666666666856e+02	2.708508697660900744e-01
3.431111111111110858e+02	2.710305402758584892e-01
3.435555555555555429e+02	2.711612319834985074e-01
3.440000000000000000e+02	2.714338176841268879e-01
3.444444444444444571e+02	2.717175458535773247e-01
3.448888888888889142e+02	2.719471415282380122e-01
3.453333333333333144e+02	2.723102441606776725e-01
3.457777777777777715e+02	2.725677170655185222e-01
3.462222222222222285e+02	2.728251417847915583e-01
3.466666666666666856e+02	2.731579820709404971e-01
3.471111111111110858e+02	2.733190899256646711e-01
3.475555555555555429e+02	2.735084683419555240e-01
3.480000000000000000e+02	2.736467540025748213e-01
3.484444444444444571e+02	2.739416103424997528e-01
3.488888888888889142e+02	2.740773672656474091e-01
3.493333333333333144e+02	2.743363105473513031e-01
3.497777777777777715e+02	2.745481317640964813e-01
3.502222222222222285e+02	2.747786706106912225e-01
3.506666666666666856e+02	2.750796577006262567e-01
3.511111111111110858e+02	2.752517222288505261e-01
3.515555555555555429e+02	2.753727161654476174e-01
3.520000000000000000e+02	2.753983362378594202e-01
3.524444444444444571e+02	2.756630500517457394e-01
3.528888888888889142e+02	2.758849447187204373e-01
3.533333333333333144e+02	2.761078043597193776e-01
3.537777777777777715e+02	2.763918457155145614e-01
3.542222222222222285e+02	2.765397738498640012e-01
3.546666666666666856e+02	2.769175696301182654e-01
3.551111111111110858e+02	2.772469459503401623e-01
3.555555555555555429e+02	2.776311213616933227e-01
3.560000000000000000e+02	2.776175541346396769e-01
3.564444444444444571e+02	2.780136654648395211e-01
3.568888888888889142e+02	2.780865220128885262e-01
3.573333333333333144e+02	2.782642601984275377e-01
3.577777777777777715e+02	2.785088281045194902e-01
3.582222222222222285e+02	2.785566393936408924e-01
3.586666666666666856e+02	2.786785483777984296e-01
3.591111111111110858e+02	2.789515698487260997e-01
3.595555555555555429e+02	2.790983519291608816e-01
3.600000000000000000e+02	2.792738258819529307e-01
3.604444444444444571e+02	2.794833708941480976e-01
3.608888888888889142e+02	2.796427135889465454e-01
3.613333333333333144e+02	2.799160946289832586e-01
3.617777777777777715e+02	2.800119790117712726e-01
3.622222222222222285e+02	2.802748451400896568e-01
3.626666666666666856e+02	2.804327701503021020e-01
3.631111111111110858e+02	2.807881750973398316e-01
3.635555555555555429e+02	2.812821145989836125e-01
3.640000000000000000e+02	2.815906401689423633e-01
3.644444444444444571e+02	2.817668681046404666e-01
3.648888888888889142e+02	2.818366448099012822e-01
3.653333333333333144e+02	2.819625718010603244e-01
3.657777777777777715e+02	2.820035938734724579e-01
3.662222222222222285e+02	2.821873280300447595e-01
3.666666666666666856e+02	2.825706117489412694e-01
3.671111111111110858e+02	2.826976778995409223e-01
3.675555555555555429e+02	2.827500922888201429e-01
3.680000000000000000e+02	2.831776661837429043e-01
3.684444444444444571e+02	2.833041853316248804e-01
3.688888888888889142e+02	2.835874239874105474e-01
3.693333333333333144e+02	2.837213340985588750e-01
3.697777777777777715e+02	2.839970731817600957e-01
3.702222222222222285e+02	2.843229774753244787e-01
3.706666666666666856e+02	2.847704427904362845e-01
3.711111111111110858e+02	2.849698766004264971e-01
3.715555555555555429e+02	2.850349493581292859e-01
3.720000000000000000e+02	2.849989146497998727e-01
3.724444444444444571e+02	2.852056874176110424e-01
3.728888888888889142e+02	2.851986314261358291e-01
3.733333333333333144e+02	2.855059041799616337e-01
3.737777777777777715e+02	2.854964936327839542e-01
3.742222222222222285e+02	2.855599531070377450e-01
3.746666666666666856e+02	2.857575755696273312e-01
3.751111111111110858e+02	2.857261924138752573e-01
3.755555555555555429e+02	2.860087013531369404e-01
3.760000000000000000e+02	2.861896775185350239e-01
3.764444444444444571e+02	2.862574112997828268e-01
3.768888888888889142e+02	2.866579753865896585e-01
3.773333333333333144e+02	2.867667715006406159e-01
3.777777777777777715e+02	2.871482673348163539e-01
3.782222222222222285e+02	2.873650418106328819e-01
3.786666666666666856e+02	2.875251266492588886e-01
3.791111111111110858e+02	2.875565536435819025e-01
3.795555555555555429e+02	2.876424058521290794e-01
3.800000000000000000e+02	2.878335744901616700e-01
3.804444444444444571e+02	2.880530566158792660e-01
3.808888888888889142e+02	2.882551457589894173e-01
3.813333333333333144e+02	2.886126474829548982e-01
3.817777777777777715e+02	2.887867477876304156e-01
3.822222222222222285e+02	2.890254842722804751e-01
3.826666666666666856e+02	2.892408654978149141e-01
3.831111111111110858e+02	2.895043580792761029e-01
3.835555555555555429e+02	2.897472931023661324e-01
3.840000000000000000e+02	2.901142294193921334e-01
3.844444444444444571e+02	2.902334502740244182e-01
3.848888888888889142e+02	2.904068734885088543e-01
3.853333333333333144e+02	2.906531469693408587e-01
3.857777777777777715e+02	2.907808289745719144e-01
3.862222222222222285e+02	2.911206322082212083e-01
3.866666666666666856e+02	2.910655339457166035e-01
3.871111111111110858e+02	2.915464441499320825e-01
3.875555555555555429e+02	2.917396563034081458e-01
3.880000000000000000e+02	2.919356985026104745e-01
3.884444444444444571e+02	2.922089150515106426e-01
3.888888888888889142e+02	2.925346822307490768e-01
3.893333333333333144e+02	2.926914619115065230e-01
3.897777777777777715e+02	2.928662950835563272e-01
3.902222222222222285e+02	2.930631865942231462e-01
3.906666666666666856e+02	2.932254683156780839e-01
3.911111111111110858e+02	2.935733815739744457e-01
3.915555555555555429e+02	2.936959385969705183e-01
3.920000000000000000e+02	2.939178585748468686e-01
3.924444444444444571e+02	2.940295039242525332e-01
3.928888888888889142e+02	2.940457392004590109e-01
3.933333333333333144e+02	2.941719248654520724e-01
3.937777777777777715e+02	2.942861375928976231e-01
3.942222222222222285e+02	2.945022631811050062e-01
3.946666666666666856e+02	2.948110297845293326e-01
3.951111111111110858e+02	2.951599556958515169e-01
3.955555555555555429e+02	2.954281470090313055e-01
3.960000000000000000e+02	2.954475068276330996e-01
3.964444444444444571e+02	2.955925442250268986e-01
3.968888888888889142e+02	2.956398074428865375e-01
3.973333333333333144e+02	2.958334000141534248e-01
3.977777777777777715e+02	2.959033115284260829e-01
3.982222222222222285e+02	2.962284644223025509e-01
3.986666666666666856e+02	2.965312873123147619e-01
3.991111111111110858e+02	2.968147613870672497e-01
3.995555555555555429e+02	2.969915203406543469e-01
4.000000000000000000e+02	2.971461368751127097e-01
4.004444444444444571e+02	2.973058733721809510e-01
4.008888888888889142e+02	2.974978126001732170e-01
4.013333333333333144e+02	2.977773168877632659e-01
4.017777777777777715e+02	2.979729952932658743e-01
4.022222222222222285e+02	2.980855281793524658e-01
4.026666666666666856e+02	2.982670421806673522e-01
4.031111111111110858e+02	2.983449083736880447e-01
4.035555555555555429e+02	2.986307353975136691e-01
4.040000000000000000e+02	2.988326189996349247e-01
4.044444444444444571e+02	2.991536341518190034e-01
4.048888888888889142e+02	2.992113761318870857e-01
4.053333333333333144e+02	2.996404682984984968e-01
4.057777777777777715e+02	2.998024267774216933e-01
4.062222222222222285e+02	2.999460262769727548e-01
4.066666666666666856e+02	3.002795067799979289e-01
4.071111111111110858e+02	3.005079016945875203e-01
4.075555555555555429e+02	3.007147156464029525e-01
4.080000000000000000e+02	3.007012906577377631e-01
4.084444444444444571e+02	3.007622254473196199e-01
4.088888888888889142e+02	3.010492456090194668e-01
4.093333333333333144e+02	3.011994908177106356e-01
4.097777777777777715e+02	3.015209139740137045e-01
4.102222222222222285e+02	3.017054436448192711e-01
4.106666666666666856e+02	3.017198893378835178e-01
4.111111111111110858e+02	3.018552908447904581e-01
4.115555555555555429e+02	3.021112277169032967e-01
4.120000000000000000e+02	3.021965303288407512e-01
4.124444444444444571e+02	3.023071398761780770e-01
4.128888888888889142e+02	3.024168170423092716e-01
4.133333333333333144e+02	3.025928869508596741e-01
4.137777777777777715e+02	3.028249644431112997e-01
4.142222222222222285e+02	3.029288221700049411e-01
4.146666666666666856e+02	3.033449909840856829e-01
4.151111111111110858e+02	3.035198855333283152e-01
4.155555555555555429e+02	3.036804423841145129e-01
4.160000000000000000e+02	3.038382567218089192e-01
4.164444444444444571e+02	3.040892789623432790e-01
4.168888888888889142e+02	3.043789131089262301e-01
4.173333333333333144e+02	3.044561809717979406e-01
4.177777777777777715e+02	3.046976329093161184e-01
4.182222222222222285e+02	3.047472979741364107e-01
4.186666666666666856e+02	3.050444084221261010e-01
4.191111111111110858e+02	3.053174309044509593e-01
4.195555555555555429e+02	3.053151663847760711e-01
4.200000000000000000e+02	3.054676949963396893e-01
4.204444444444444571e+02	3.058350757181264590e-01
4.208888888888889142e+02	3.060662034590151404e-01
4.213333333333333144e+02	3.060634252975161229e-01
4.217777777777777715e+02	3.063009143538126255e-01
4.222222222222222285e+02	3.062028069948716791e-01
4.226666666666666856e+02	3.063169918776745271e-01
4.231111111111110858e+02	3.065531294626601122e-01
4.235555555555555429e+02	3.066820920558063768e-01
4.240000000000000000e+02	3.067465499275319196e-01
4.244444444444444571e+02	3.069428012731600375e-01
4.248888888888889142e+02	3.069808462757587231e-01
4.253333333333333144e+02	3.070200764035497243e-01
4.257777777777777715e+02	3.070655640724111457e-01
4.262222222222222285e+02	3.071846139518547014e-01
4.266666666666666856e+02	3.074866393149316979e-01
4.271111111111110858e+02	3.076637647005583398e-01
4.275555555555555429e+02	3.077997826997621034e-01
4.280000000000000000e+02	3.081546900220497598e-01
4.284444444444444571e+02	3.085120911557357459e-01
4.288888888888889142e+02	3.084885697454222142e-01
4.293333333333333144e+02	3.085954050452408559e-01
4.297777777777777715e+02	3.089721962342281136e-01
4.302222222222222285e+02	3.091895916320260840e-01
4.306666666666666856e+02	3.092612948056751576e-01
4.311111111111110858e+02	3.095907532960237019e-01
4.315555555555555429e+02	3.097976880971975433e-01
4.320000000000000000e+02	3.098830883918388679e-01
4.324444444444444571e+02	3.101751332063743538e-01
4.328888888888889142e+02	3.103921808853072339e-01
4.333333333333333144e+02	3.107840183820840818e-01
4.337777777777777715e+02	3.110479928191512977e-01
4.342222222222222285e+02	3.112610158061075993e-01
4.346666666666666856e+02	3.115034819078804085e-01
4.351111111111110858e+02	3.118150942795755443e-01
4.355555555555555429e+02	3.120737884340663015e-01
4.360000000000000000e+02	3.122716365030995256e-01
4.364444444444444571e+02	3.123485452888195013e-01
4.368888888888889142e+02	3.125158048504784736e-01
4.373333333333333144e+02	3.126629584694505248e-01
4.377777777777777715e+02	3.127615495377373267e-01
4.382222222222222285e+02	3.129063151245716212e-01
4.386666666666666856e+02	3.132699283604755136e-01
4.391111111111110858e+02	3.133319590108635255e-01
4.395555555555555429e+02	3.134073291457509236e-01
4.400000000000000000e+02	3.133837741666223309e-01
4.404444444444444571e+02	3.135560949895476734e-01
4.408888888888889142e+02	3.136703441776971246e-01
4.413333333333333144e+02	3.140447877605937466e-01
4.417777777777777715e+02	3.142041526858552758e-01
4.422222222222222285e+02	3.141702742327406317e-01
4.426666666666666856e+02	3.143475343824823076e-01
4.431111111111110858e+02	3.146818599224279200e-01
4.435555555555555429e+02	3.149156497798393239e-01
4.440000000000000000e+02	3.149947867335387564e-01
4.444444444444444571e+02	3.151582658806871273e-01
4.488888888888889142e+02	3.171770387729652696e-01
4.533333333333333144e+02	3.185246824954408584e-01
4.577777777777777715e+02	3.209719997639902678e-01
4.622222222222222285e+02	3.226214506297168660e-01
4.666666666666666856e+02	3.244867013914202736e-01
4.711111111111110858e+02	3.258076859412383230e-01
4.755555555555555429e+02	3.273673923072849545e-01
4.800000000000000000e+02	3.296050760186352568e-01
4.844444444444444571e+02	3.310376192728100575e-01
4.888888888888889142e+02	3.316366027345513112e-01
4.933333333333333144e+02	3.333736169922128512e-01
4.977777777777777715e+02	3.346659583378822633e-01
5.022222222222222285e+02	3.360682711614744744e-01
5.066666666666666856e+02	3.388301481942738724e-01
5.111111111111110858e+02	3.405146319773513230e-01
5.155555555555555429e+02	3.427023194499757563e-01
5.200000000000000000e+02	3.441088797158772805e-01
5.244444444444444571e+02	3.456025867149399300e-01
5.288888888888889142e+02	3.473981484422701271e-01
5.333333333333333712e+02	3.491663766546360681e-01
5.377777777777778283e+02	3.505873466182616305e-01
5.422222222222221717e+02	3.522324376603473972e-01
5.466666666666666288e+02	3.539979731409976793e-01
5.511111111111110858e+02	3.550700906287821979e-01
5.555555555555555429e+02	3.568493675120312236e-01
5.600000000000000000e+02	3.576113185470802258e-01
5.644444444444444571e+02	3.590528359650960177e-01
5.688888888888889142e+02	3.605828551142825078e-01
5.733333333333333712e+02	3.628885944067508085e-01
5.777777777777778283e+02	3.641126491659634201e-01
5.822222222222221717e+02	3.658804942054297848e-01
5.866666666666666288e+02	3.679759235243840187e-01
5.911111111111110858e+02	3.690512291820968738e-01
5.955555555555555429e+02	3.703672063723428831e-01
6.000000000000000000e+02	3.721139931510735743e-01
6.044444444444444571e+02	3.734252322592423456e-01
6.088888888888889142e+02	3.752020451364481701e-01
6.133333333333333712e+02	3.765557000954489197e-01
6.177777777777778283e+02	3.782206342697341239e-01
6.222222222222221717e+02	3.797719335218639469e-01
6.266666666666666288e+02	3.823741484240441579e-01
6.311111111111110858e+02	3.838555199671915830e-01
6.355555555555555429e+02	3.847893866996852097e-01
6.400000000000000000e+02	3.856903636260857748e-01
6.444444444444444571e+02	3.875675806777671428e-01
6.488888888888889142e+02	3.895920381075780869e-01
6.533333333333333712e+02	3.910475141958638101e-01
6.577777777777778283e+02	3.919212770358320164e-01
6.622222222222221717e+02	3.926706318516020033e-01
6.666666666666666288e+02	3.940921645519337435e-01
6.711111111111110858e+02	3.950871452152697749e-01
6.755555555555555429e+02	3.956860607435729871e-01
6.800000000000000000e+02	3.969749827940553533e-01
6.844444444444444571e+02	3.983753320801051157e-01
6.888888888888889142e+02	3.992933123906459159e-01
6.933333333333333712e+02	4.000131311957189073e-01
6.977777777777778283e+02	4.010576918767271293e-01
7.022222222222221717e+02	4.017417244046832536e-01
7.066666666666666288e+02	4.026360269837986894e-01
7.111111111111110858e+02	4.040194494362213118e-01
7.155555555555555429e+02	4.051530547927365000e-01
7.200000000000000000e+02	4.070078872598004160e-01
7.244444444444444571e+02	4.086042261746620774e-01
7.288888888888889142e+02	4.100363155900045853e-01
7.333333333333333712e+02	4.111699052071067229e-01
7.377777777777778283e+02	4.114951302561377644e-01
7.422222222222221717e+02	4.126259290176800265e-01
7.466666666666666288e+02	4.139632407129793523e-01
7.511111111111110858e+02	4.155909281103716268e-01
7.555555555555555429e+02	4.171439099616621182e-01
7.600000000000000000e+02	4.189293273976217313e-01
7.644444444444444571e+02	4.201877535808227204e-01
7.688888888888889142e+02	4.213835372656600242e-01
7.733333333333333712e+02	4.228029317829156142e-01
7.777777777777778283e+02	4.244306574985842739e-01
7.822222222222221717e+02	4.255292809873856275e-01
7.866666666666666288e+02	4.266761738096914169e-01
7.911111111111110858e+02	4.284927531735343575e-01
7.955555555555555429e+02	4.294201719709945242e-01
8.000000000000000000e+02	4.310332547593436203e-01
8.044444444444444571e+02	4.310726795865588712e-01
8.088888888888889142e+02	4.324264876649113187e-01
8.133333333333333712e+02	4.332029853103325223e-01
8.177777777777778283e+02	4.342618243757789265e-01
8.222222222222221717e+02	4.346263157815806744e-01
8.266666666666666288e+02	4.355809428132764172e-01
8.311111111111110858e+02	4.367079711663592878e-01
8.355555555555555429e+02	4.373295037326164203e-01
8.400000000000000000e+02	4.382485671617245004e-01
8.444444444444444571e+02	4.395879454162895938e-01
8.488888888888889142e+02	4.408838902827452166e-01
8.533333333333333712e+02	4.422626610832217087e-01
8.577777777777778283e+02	4.441317859634015264e-01
8.622222222222221717e+02	4.458682590836089421e-01
8.666666666666666288e+02	4.463015858901380195e-01
8.711111111111110858e+02	4.472338499400689837e-01
8.755555555555555429e+02	4.485729387658153877e-01
8.800000000000000000e+02	4.504867112914300864e-01
8.844444444444444571e+02	4.518336023847662197e-01
8.888888888888889142e+02	4.532889305767699994e-01
8.933333333333333712e+02	4.537922170752564099e-01
8.977777777777778283e+02	4.544965164513036227e-01
9.022222222222221717e+02	4.556538746980238752e-01
9.066666666666666288e+02	4.568195192340123167e-01
9.111111111111110858e+02	4.576902162639645000e-01
9.155555555555555429e+02	4.581588448346706754e-01
9.200000000000000000e+02	4.588728039671217118e-01
9.244444444444444571e+02	4.600387535292396191e-01
9.288888888888889142e+02	4.604435876273472728e-01
9.333333333333333712e+02	4.615126351542445104e-01
9.377777777777778283e+02	4.626668149857156020e-01
9.422222222222221717e+02	4.630310047633786064e-01
9.466666666666666288e+02	4.638349646431684237e-01
9.511111111111110858e+02	4.644523934238424800e-01
9.555555555555555429e+02	4.654349477502647825e-01
9.600000000000000000e+02	4.661550259389807271e-01
9.644444444444444571e+02	4.676196757298642925e-01
9.688888888888889142e+02	4.693047411972728900e-01
9.733333333333333712e+02	4.698420693727475839e-01
9.777777777777778283e+02	4.714063296197523178e-01
9.822222222222221717e+02	4.722018074804602006e-01
9.866666666666666288e+02	4.729284319393516900e-01
9.911111111111110858e+02	4.731099625494202265e-01
9.955555555555555429e+02	4.741957408388545181e-01
1.000000000000000000e+03	4.746451589468352883e-01
1.004444444444444457e+03	4.763331076678111731e-01
1.008888888888888914e+03	4.774337496073938758e-01
1.013333333333333371e+03	4.789300787480377797e-01
1.017777777777777828e+03	4.793548736414816047e-01
1.022222222222222172e+03	4.797653584183376174e-01
1.026666666666666742e+03	4.809845224850085033e-01
1.031111111111111086e+03	4.818616124543825818e-01
1.035555555555555657e+03	4.818313182309472142e-01
1.040000000000000000e+03	4.831268809671798725e-01
1.044444444444444343e+03	4.843015105647934804e-01
1.048888888888888914e+03	4.849832362107923123e-01
1.053333333333333258e+03	4.867251092421553960e-01
1.057777777777777828e+03	4.880312467076489136e-01
1.062222222222222172e+03	4.881058444815685737e-01
1.066666666666666742e+03	4.886841440889870825e-01
1.071111111111111086e+03	4.893258576483858757e-01
1.075555555555555657e+03	4.909614780406528212e-01
1.080000000000000000e+03	4.917991043657952144e-01
1.084444444444444343e+03	4.929430750340451084e-01
1.088888888888888914e+03	4.930220872380147723e-01
1.093333333333333258e+03	4.939305382879684014e-01
1.097777777777777828e+03	4.947530759186518079e-01
1.102222222222222172e+03	4.955671616002704782e-01
1.106666666666666742e+03	4.975423242971384052e-01
1.111111111111111086e+03	4.990400434038110844e-01
1.115555555555555657e+03	4.998165391813825242e-01
1.120000000000000000e+03	5.011589844672308391e-01
1.124444444444444343e+03	5.022846385195960384e-01
1.128888888888888914e+03	5.026793216049416646e-01
1.133333333333333258e+03	5.021090865001023307e-01
1.137777777777777828e+03	5.033064892262457679e-01
1.142222222222222172e+03	5.047264794725756509e-01
1.146666666666666742e+03	5.043884571619576818e-01
1.151111111111111086e+03	5.051930126149695166e-01
1.155555555555555657e+03	5.060976214234720327e-01
1.160000000000000000e+03	5.067815379528577413e-01
1.164444444444444343e+03	5.071857940422426214e-01
1.168888888888888914e+03	5.077411451527632513e-01
1.173333333333333258e+03	5.087532641265011257e-01
1.177777777777777828e+03	5.097302973999364717e-01
1.182222222222222172e+03	5.101277287754126810e-01
1.186666666666666742e+03	5.112943148726090126e-01
1.191111111111111086e+03	5.121676141640989499e-01
1.195555555555555657e+03	5.130661690438657052e-01
1.200000000000000000e+03	5.135613328239492237e-01
1.204444444444444343e+03	5.147272427969735720e-01
1.208888888888888914e+03	5.148057515903087245e-01
1.213333333333333258e+03	5.159608191431284130e-01
1.217777777777777828e+03	5.169005404633478795e-01
1.222222222222222172e+03	5.178834079419747383e-01
1.226666666666666742e+03	5.179550469984584016e-01
1.231111111111111086e+03	5.196585465665444215e-01
1.235555555555555657e+03	5.206158078851470528e-01
1.240000000000000000e+03	5.217028882621239649e-01
1.244444444444444343e+03	5.222212578625551327e-01
1.248888888888888914e+03	5.232016864274064982e-01
1.253333333333333258e+03	5.244034271784587808e-01
1.257777777777777828e+03	5.255281876942299313e-01
1.262222222222222172e+03	5.261133902510061189e-01
1.266666666666666742e+03	5.267413009311696648e-01
1.271111111111111086e+03	5.277441834969588408e-01
1.275555555555555657e+03	5.286543275512072260e-01
1.280000000000000000e+03	5.286127867862542296e-01
1.284444444444444343e+03	5.285558410556780995e-01
1.288888888888888914e+03	5.287395850720078005e-01
1.293333333333333258e+03	5.303635250712910310e-01
1.297777777777777828e+03	5.313472154481516663e-01
1.302222222222222172e+03	5.316713111484658860e-01
1.306666666666666742e+03	5.319085150989375510e-01
1.311111111111111086e+03	5.325185000962656678e-01
1.315555555555555657e+03	5.321740785471904545e-01
1.320000000000000000e+03	5.321192339789020398e-01
1.324444444444444343e+03	5.332734549900324250e-01
1.328888888888888914e+03	5.338326734029804621e-01
1.333333333333333258e+03	5.350961197235603040e-01
1.337777777777777828e+03	5.365178822094249789e-01
1.342222222222222172e+03	5.371726884658936108e-01
1.346666666666666742e+03	5.381293571562542066e-01
1.351111111111111086e+03	5.386998110660716765e-01
1.355555555555555657e+03	5.391245793323088398e-01
1.360000000000000000e+03	5.397386568230185810e-01
1.364444444444444343e+03	5.404420852360445338e-01
1.368888888888888914e+03	5.396199987332064296e-01
1.373333333333333258e+03	5.406850160886853551e-01
1.377777777777777828e+03	5.413697353177028271e-01
1.382222222222222172e+03	5.416434611013807299e-01
1.386666666666666742e+03	5.433416102246209078e-01
1.391111111111111086e+03	5.440013237331795537e-01
1.395555555555555657e+03	5.448399372190899648e-01
1.400000000000000000e+03	5.457797663884165207e-01
1.404444444444444343e+03	5.468873055481314749e-01
1.408888888888888914e+03	5.468743355155205599e-01
1.413333333333333258e+03	5.469362985800390042e-01
1.417777777777777828e+03	5.472790138286249828e-01
1.422222222222222172e+03	5.476923824633768145e-01
1.426666666666666742e+03	5.490008300933508778e-01
1.431111111111111086e+03	5.491192346770008559e-01
1.435555555555555657e+03	5.499857375516650215e-01
1.440000000000000000e+03	5.517429678751011313e-01
1.444444444444444343e+03	5.523461818550514657e-01
1.448888888888888914e+03	5.523353281853871088e-01
1.453333333333333258e+03	5.517382237568697612e-01
1.457777777777777828e+03	5.520357402726752127e-01
1.462222222222222172e+03	5.525212270327523045e-01
1.466666666666666742e+03	5.527262884506403129e-01
1.471111111111111086e+03	5.523341315117932249e-01
1.475555555555555657e+03	5.533434234468432855e-01
1.480000000000000000e+03	5.532038673196532086e-01
1.484444444444444343e+03	5.546719602996110776e-01
1.488888888888888914e+03	5.552670654961149310e-01
1.493333333333333258e+03	5.562062948324200118e-01
1.497777777777777828e+03	5.558149238534642045e-01
1.502222222222222172e+03	5.565601435544751396e-01
1.506666666666666742e+03	5.565839648005284079e-01
1.511111111111111086e+03	5.572957845553039302e-01
1.515555555555555657e+03	5.580463074580688243e-01
1.520000000000000000e+03	5.586755685041620012e-01
1.524444444444444343e+03	5.590299373001788030e-01
1.528888888888888914e+03	5.594763500250108379e-01
1.533333333333333258e+03	5.603350309841376164e-01
1.537777777777777828e+03	5.611029051640518128e-01
1.542222222222222172e+03	5.617052320473387983e-01
1.546666666666666742e+03	5.621165703987325291e-01
1.551111111111111086e+03	5.626894510909831171e-01
1.555555555555555657e+03	5.627062544615361039e-01
1.560000000000000000e+03	5.630355193603919783e-01
1.564444444444444343e+03	5.630652976183028180e-01
1.568888888888888914e+03	5.632530990791753123e-01
1.573333333333333258e+03	5.635842669518080772e-01
1.577777777777777828e+03	5.639725651812084184e-01
1.582222222222222172e+03	5.641436898582747883e-01
1.586666666666666742e+03	5.650919881537912470e-01
1.591111111111111086e+03	5.647540512581812333e-01
1.595555555555555657e+03	5.650092333947065448e-01
1.600000000000000000e+03	5.659521226604462552e-01
1.604444444444444343e+03	5.675943576476800700e-01
1.608888888888888914e+03	5.685310297788882528e-01
1.613333333333333258e+03	5.696518801357486339e-01
1.617777777777777828e+03	5.707949794372616514e-01
1.622222222222222172e+03	5.718234562413084809e-01
1.626666666666666742e+03	5.715865879130681559e-01
1.631111111111111086e+03	5.712758155419721540e-01
1.635555555555555657e+03	5.719325672209107925e-01
1.640000000000000000e+03	5.716360136188729513e-01
1.644444444444444343e+03	5.727927386648552499e-01
1.648888888888888914e+03	5.730629525796306911e-01
1.653333333333333258e+03	5.730035842746752373e-01
1.657777777777777828e+03	5.737494984822704147e-01
1.662222222222222172e+03	5.743765315348201561e-01
1.666666666666666742e+03	5.747667871097856818e-01
1.671111111111111086e+03	5.748860262193280501e-01
1.675555555555555657e+03	5.751572672834156519e-01
1.680000000000000000e+03	5.746893559058198209e-01
1.684444444444444343e+03	5.748823253009052170e-01
1.688888888888888914e+03	5.745988203279327466e-01
1.693333333333333258e+03	5.752797043388873099e-01
1.697777777777777828e+03	5.751878976922601971e-01
1.702222222222222172e+03	5.757617573106459385e-01
1.706666666666666742e+03	5.763658498608348335e-01
1.711111111111111086e+03	5.774917924389764146e-01
1.715555555555555657e+03	5.771704801113825001e-01
1.720000000000000000e+03	5.781976162286508458e-01
1.724444444444444343e+03	5.793516159808473898e-01
1.728888888888888914e+03	5.796467256288047043e-01
1.733333333333333258e+03	5.805862882605952180e-01
1.737777777777777828e+03	5.805675149274367453e-01
1.742222222222222172e+03	5.803223934656448479e-01
1.746666666666666742e+03	5.803468206231072735e-01
1.751111111111111086e+03	5.810246756052508399e-01
1.755555555555555657e+03	5.828283234815008207e-01
1.760000000000000000e+03	5.832612216762852464e-01
1.764444444444444343e+03	5.827751313213120898e-01
1.768888888888888914e+03	5.845151187492012568e-01
1.773333333333333258e+03	5.855016819477684153e-01
1.777777777777777828e+03	5.854374955977850181e-01
1.782222222222222172e+03	5.872681861801407610e-01
1.786666666666666742e+03	5.881057448188915515e-01
1.791111111111111086e+03	5.879864831101562217e-01
1.795555555555555657e+03	5.882014711781096139e-01
1.800000000000000000e+03	5.888697282155759272e-01
1.804444444444444343e+03	5.886599071211326972e-01
1.808888888888888914e+03	5.898023695011316292e-01
1.813333333333333258e+03	5.894916586196572439e-01
1.817777777777777828e+03	5.898238641075785882e-01
1.822222222222222172e+03	5.890465013836267971e-01
1.826666666666666742e+03	5.898444854161440931e-01
1.831111111111111086e+03	5.907207784427150887e-01
1.835555555555555657e+03	5.912530992351832104e-01
1.840000000000000000e+03	5.912937859249079997e-01
1.844444444444444343e+03	5.910513326938937606e-01
1.848888888888888914e+03	5.911983810729857236e-01
1.853333333333333258e+03	5.911204590849755691e-01
1.857777777777777828e+03	5.907566836939854849e-01
1.862222222222222172e+03	5.923513508288736906e-01
1.866666666666666742e+03	5.926103390774387636e-01
1.871111111111111086e+03	5.933650620397867836e-01
1.875555555555555657e+03	5.938969038916096510e-01
1.880000000000000000e+03	5.946240157880526844e-01
1.884444444444444343e+03	5.945278950657332251e-01
1.888888888888888914e+03	5.945634174882639122e-01
1.893333333333333258e+03	5.955653446284452368e-01
1.897777777777777828e+03	5.944603551117902951e-01
1.902222222222222172e+03	5.959421532242331621e-01
1.906666666666666742e+03	5.961854527610312982e-01
1.911111111111111086e+03	5.971832774971200797e-01
1.915555555555555657e+03	5.967671684320563497e-01
1.920000000000000000e+03	5.975098749265324027e-01
1.924444444444444343e+03	5.982477124376512911e-01
1.928888888888888914e+03	5.983749784382323966e-01
1.933333333333333258e+03	6.001623534879603206e-01
1.937777777777777828e+03	6.012159946592972037e-01
1.942222222222222172e+03	6.014172427191000203e-01
1.946666666666666742e+03	6.019871980228375108e-01
1.951111111111111086e+03	6.021807566554620017e-01
1.955555555555555657e+03	6.025443564837303922e-01
1.960000000000000000e+03	6.037293752792556312e-01
1.964444444444444343e+03	6.040829565543559543e-01
1.968888888888888914e+03	6.043942568063502829e-01
1.973333333333333258e+03	6.036093966562550150e-01
1.977777777777777828e+03	6.045961033225039083e-01
1.982222222222222172e+03	6.052593313707720357e-01
1.986666666666666742e+03	6.058175728701912233e-01
1.991111111111111086e+03	6.063089599552268227e-01
1.995555555555555657e+03	6.066936746115452195e-01
2.000000000000000000e+03	6.081951517323191947e-01
2.004444444444444343e+03	6.094168579390912832e-01
2.008888888888888914e+03	6.097577899918835698e-01
2.013333333333333258e+03	6.097651637417094150e-01
2.017777777777777828e+03	6.098109479334875571e-01
2.022222222222222172e+03	6.106090893652051932e-01
2.026666666666666742e+03	6.110441153077531551e-01
2.031111111111111086e+03	6.106026171416050197e-01
2.035555555555555657e+03	6.114444551371900349e-01
2.040000000000000000e+03	6.109305725198126424e-01
2.044444444444444343e+03	6.104907514915876021e-01
2.048888888888888687e+03	6.112721599884352042e-01
2.053333333333333485e+03	6.106120574197739792e-01
2.057777777777777828e+03	6.113865503719566608e-01
2.062222222222222172e+03	6.121343437139199484e-01
2.066666666666666515e+03	6.125143973843929501e-01
2.071111111111111313e+03	6.131129213911250542e-01
2.075555555555555657e+03	6.146088463281744740e-01
2.080000000000000000e+03	6.152125380086415074e-01
2.084444444444444343e+03	6.158354012446135561e-01
2.088888888888888687e+03	6.156020742754231279e-01
2.093333333333333485e+03	6.151215287225260120e-01
2.097777777777777828e+03	6.166511006580306375e-01
2.102222222222222172e+03	6.173012167282446727e-01
2.106666666666666515e+03	6.162252232900572446e-01
2.111111111111111313e+03	6.164052078234432130e-01
2.115555555555555657e+03	6.177759487686345086e-01
2.120000000000000000e+03	6.181463425130748757e-01
2.124444444444444343e+03	6.189541196766985554e-01
2.128888888888888687e+03	6.173322724188065047e-01
2.133333333333333485e+03	6.183477244023032338e-01
2.137777777777777828e+03	6.186970950352691512e-01
2.142222222222222172e+03	6.187530670369546515e-01
2.146666666666666515e+03	6.195251313565440787e-01
2.151111111111111313e+03	6.204488824287104354e-01
2.155555555555555657e+03	6.204010079188535531e-01
2.160000000000000000e+03	6.201881153207771114e-01
2.164444444444444343e+03	6.220562606743287315e-01
2.168888888888888687e+03	6.224021658952512137e-01
2.173333333333333485e+03	6.232615249767415877e-01
2.177777777777777828e+03	6.231126815702852095e-01
2.182222222222222172e+03	6.238273171105643833e-01
2.186666666666666515e+03	6.241500656124723267e-01
2.191111111111111313e+03	6.249685177925448087e-01
2.195555555555555657e+03	6.249962061808027602e-01
2.200000000000000000e+03	6.260096609778592613e-01
2.204444444444444343e+03	6.256054726812250166e-01
2.208888888888888687e+03	6.259097135981426252e-01
2.213333333333333485e+03	6.262717735698396515e-01
2.217777777777777828e+03	6.268042776871948218e-01
2.222222222222222172e+03	6.275014057089024488e-01
2.226666666666666515e+03	6.280066712628544767e-01
2.231111111111111313e+03	6.287032076596084096e-01
2.235555555555555657e+03	6.284246472614323231e-01
2.240000000000000000e+03	6.285350537346472422e-01
2.244444444444444343e+03	6.290490557269774463e-01
2.248888888888888687e+03	6.298887287295424908e-01
2.253333333333333485e+03	6.302263721278931197e-01
2.257777777777777828e+03	6.304231882946074172e-01
2.262222222222222172e+03	6.293789272110350552e-01
2.266666666666666515e+03	6.298704586516320481e-01
2.271111111111111313e+03	6.306748811734188553e-01
2.275555555555555657e+03	6.305829888415239726e-01
2.280000000000000000e+03	6.315002472718802551e-01
2.284444444444444343e+03	6.318851638886344713e-01
2.288888888888888687e+03	6.324654191176228846e-01
2.293333333333333485e+03	6.321813963851575791e-01
2.297777777777777828e+03	6.333612917304283219e-01
2.302222222222222172e+03	6.350826765025128218e-01
2.306666666666666515e+03	6.345106929761998860e-01
2.311111111111111313e+03	6.347197929719301523e-01
2.315555555555555657e+03	6.354370095156659515e-01
2.320000000000000000e+03	6.358471878947269396e-01
2.324444444444444343e+03	6.355829290120411645e-01
2.328888888888888687e+03	6.350183430795923734e-01
2.333333333333333485e+03	6.345351871287963075e-01
2.337777777777777828e+03	6.361789327092048918e-01
2.342222222222222172e+03	6.356579944916032066e-01
2.346666666666666515e+03	6.354782065165025529e-01
2.351111111111111313e+03	6.355645123094445514e-01
2.355555555555555657e+03	6.352917693258031129e-01
2.360000000000000000e+03	6.362067457273371529e-01
2.364444444444444343e+03	6.364717999549656113e-01
2.368888888888888687e+03	6.367449476893297655e-01
2.373333333333333485e+03	6.372360226614427470e-01
2.377777777777777828e+03	6.380433992461200798e-01
2.382222222222222172e+03	6.390117019066076098e-01
2.386666666666666515e+03	6.395333583689120083e-01
2.391111111111111313e+03	6.395977754314787767e-01
2.395555555555555657e+03	6.400417181449764570e-01
2.400000000000000000e+03	6.393705882793920825e-01
2.404444444444444343e+03	6.388638045887927719e-01
2.408888888888888687e+03	6.389644608391913394e-01
2.413333333333333485e+03	6.377040200065431375e-01
2.417777777777777828e+03	6.386390126886734020e-01
2.422222222222222172e+03	6.387096631585056361e-01
2.426666666666666515e+03	6.390597297702199642e-01
2.431111111111111313e+03	6.396099539034572068e-01
2.435555555555555657e+03	6.405006427294868132e-01
2.440000000000000000e+03	6.405288248020342134e-01
2.444444444444444343e+03	6.415811277853056271e-01
2.448888888888888687e+03	6.423786967248363844e-01
2.453333333333333485e+03	6.429011589928201875e-01
2.457777777777777828e+03	6.427827389660110136e-01
2.462222222222222172e+03	6.428442195402641612e-01
2.466666666666666515e+03	6.428685922463248659e-01
2.471111111111111313e+03	6.431624067561751978e-01
2.475555555555555657e+03	6.431033912552961418e-01
2.480000000000000000e+03	6.431869524530523519e-01
2.484444444444444343e+03	6.442594967302295306e-01
2.488888888888888687e+03	6.446580130590739977e-01
2.493333333333333485e+03	6.446565441314244804e-01
2.497777777777777828e+03	6.459938401879614656e-01
2.502222222222222172e+03	6.461108907928079237e-01
2.506666666666666515e+03	6.467120153650638414e-01
2.511111111111111313e+03	6.470726645742881367e-01
2.515555555555555657e+03	6.478295426675296786e-01
2.520000000000000000e+03	6.478996444486031514e-01
2.524444444444444343e+03	6.483519433915163610e-01
2.528888888888888687e+03	6.485546641116335387e-01
2.533333333333333485e+03	6.495060506224219488e-01
2.537777777777777828e+03	6.506499345887060137e-01
2.542222222222222172e+03	6.501643669563268446e-01
2.546666666666666515e+03	6.499853487234601435e-01
2.551111111111111313e+03	6.496753817111862173e-01
2.555555555555555657e+03	6.491767899974735245e-01
2.560000000000000000e+03	6.496476130760087120e-01
2.564444444444444343e+03	6.496373520074687491e-01
2.568888888888888687e+03	6.497696398583812094e-01
2.573333333333333485e+03	6.486350019038884529e-01
2.577777777777777828e+03	6.492145543478642367e-01
2.582222222222222172e+03	6.492870449667712540e-01
2.586666666666666515e+03	6.485740942061632985e-01
2.591111111111111313e+03	6.494124651370558610e-01
2.595555555555555657e+03	6.495178095940910001e-01
2.600000000000000000e+03	6.494006177526272516e-01
2.604444444444444343e+03	6.497262201583140495e-01
2.608888888888888687e+03	6.501784892381503589e-01
2.613333333333333485e+03	6.509476018025972532e-01
2.617777777777777828e+03	6.510027136463685249e-01
2.622222222222222172e+03	6.517966163107383748e-01
2.626666666666666515e+03	6.524575905974201451e-01
2.631111111111111313e+03	6.512791678785891936e-01
2.635555555555555657e+03	6.514957099809470797e-01
2.640000000000000000e+03	6.508167408175236091e-01
2.644444444444444343e+03	6.506631707609724646e-01
2.648888888888888687e+03	6.508886856336481008e-01
2.653333333333333485e+03	6.507591005906403492e-01
2.657777777777777828e+03	6.507979392882894398e-01
2.662222222222222172e+03	6.514311278954436624e-01
2.666666666666666515e+03	6.519840987225772322e-01
2.671111111111111313e+03	6.517732804858497042e-01
2.675555555555555657e+03	6.516141549833697200e-01
2.680000000000000000e+03	6.527851823400723230e-01
2.684444444444444343e+03	6.535811111416255370e-01
2.688888888888888687e+03	6.529398165039981272e-01
2.693333333333333485e+03	6.546130144075053003e-01
2.697777777777777828e+03	6.549793401589637520e-01
2.702222222222222172e+03	6.556525320055569539e-01
2.706666666666666515e+03	6.571704751110432063e-01
2.711111111111111313e+03	6.578540848444114353e-01
2.715555555555555657e+03	6.589832017337129422e-01
2.720000000000000000e+03	6.595603970198145038e-01
2.724444444444444343e+03	6.596881322116443513e-01
2.728888888888888687e+03	6.604193035562360148e-01
2.733333333333333485e+03	6.607179028084808614e-01
2.737777777777777828e+03	6.599675747090238964e-01
2.742222222222222172e+03	6.617029293179684801e-01
2.746666666666666515e+03	6.617253536939153857e-01
2.751111111111111313e+03	6.618456081056105500e-01
2.755555555555555657e+03	6.624139377641251603e-01
2.760000000000000000e+03	6.639235575248754184e-01
2.764444444444444343e+03	6.647039867257312773e-01
2.768888888888888687e+03	6.652950442219319749e-01
2.773333333333333485e+03	6.649538630527407346e-01
2.777777777777777828e+03	6.661930807753303485e-01
2.782222222222222172e+03	6.669407406817847717e-01
2.786666666666666515e+03	6.671436370612224831e-01
2.791111111111111313e+03	6.660300432947888760e-01
2.795555555555555657e+03	6.664224175628523650e-01
2.800000000000000000e+03	6.672260608084088496e-01
2.804444444444444343e+03	6.668152729936233092e-01
2.808888888888888687e+03	6.678177484670098085e-01
2.813333333333333485e+03	6.676147605427471543e-01
2.817777777777777828e+03	6.679059966600996434e-01
2.822222222222222172e+03	6.686314809306670437e-01
2.826666666666666515e+03	6.689995913028110586e-01
2.831111111111111313e+03	6.687646543694072410e-01
2.835555555555555657e+03	6.674820080415521106e-01
2.840000000000000000e+03	6.670097125212051115e-01
2.844444444444444343e+03	6.673096207839416261e-01
2.848888888888888687e+03	6.676918162007787760e-01
2.853333333333333485e+03	6.684010396929132014e-01
2.857777777777777828e+03	6.685306937004658057e-01
2.862222222222222172e+03	6.695980495109501440e-01
2.866666666666666515e+03	6.692425909522266014e-01
2.871111111111111313e+03	6.694295484457177814e-01
2.875555555555555657e+03	6.695088951454819526e-01
2.880000000000000000e+03	6.702955526616638515e-01
2.884444444444444343e+03	6.716964199897230703e-01
2.888888888888888687e+03	6.728272379181248208e-01
2.893333333333333485e+03	6.716725429561075655e-01
2.897777777777777828e+03	6.718011177122296118e-01
2.902222222222222172e+03	6.723912132662344110e-01
2.906666666666666515e+03	6.733529912433184883e-01
2.911111111111111313e+03	6.725478681468564091e-01
2.915555555555555657e+03	6.729562351533682207e-01
2.920000000000000000e+03	6.731781142298288723e-01
2.924444444444444343e+03	6.742488987839864167e-01
2.928888888888888687e+03	6.750277723556392662e-01
2.933333333333333485e+03	6.750385889530080563e-01
2.937777777777777828e+03	6.749503548765130034e-01
2.942222222222222172e+03	6.747939106902456352e-01
2.946666666666666515e+03	6.747771267562816533e-01
2.951111111111111313e+03	6.753931704622400112e-01
2.955555555555555657e+03	6.755822521226542143e-01
2.960000000000000000e+03	6.764741638292124382e-01
2.964444444444444343e+03	6.765581537156305503e-01
2.968888888888888687e+03	6.771593597617491245e-01
2.973333333333333485e+03	6.788070344295236147e-01
2.977777777777777828e+03	6.791507820423250408e-01
2.982222222222222172e+03	6.783375357255292393e-01
2.986666666666666515e+03	6.793862393411872480e-01
2.991111111111111313e+03	6.794010061839473869e-01
2.995555555555555657e+03	6.788054922947079906e-01
3.000000000000000000e+03	6.794813973790253536e-01
3.004444444444444343e+03	6.802039861680727606e-01
3.008888888888888687e+03	6.797490949243099045e-01
3.013333333333333485e+03	6.801054397164705279e-01
3.017777777777777828e+03	6.806144932006369386e-01
3.022222222222222172e+03	6.793669736593836994e-01
3.026666666666666515e+03	6.786463313916556439e-01
3.031111111111111313e+03	6.793988400365134073e-01
3.035555555555555657e+03	6.788193510556008725e-01
3.040000000000000000e+03	6.792470922079695272e-01
3.044444444444444343e+03	6.793186871221357226e-01
3.048888888888888687e+03	6.784285129870871733e-01
3.053333333333333485e+03	6.783862487593791402e-01
3.057777777777777828e+03	6.788987056597680647e-01
3.062222222222222172e+03	6.782045173671152893e-01
3.066666666666666515e+03	6.776962128969897803e-01
3.071111111111111313e+03	6.782421514215796199e-01
3.075555555555555657e+03	6.777766136228922100e-01
3.080000000000000000e+03	6.777583360289615166e-01
3.084444444444444343e+03	6.789799329781136539e-01
3.088888888888888687e+03	6.791446982441040614e-01
3.093333333333333485e+03	6.798244012877183717e-01
3.097777777777777828e+03	6.799973463837235554e-01
3.102222222222222172e+03	6.809210224327058025e-01
3.106666666666666515e+03	6.811503642458760499e-01
3.111111111111111313e+03	6.811854126965621870e-01
3.115555555555555657e+03	6.809109520711194019e-01
3.120000000000000000e+03	6.811639418493977693e-01
3.124444444444444343e+03	6.815240045393691215e-01
3.128888888888888687e+03	6.804204751700921872e-01
3.133333333333333485e+03	6.809183491302415181e-01
3.137777777777777828e+03	6.808978663713070034e-01
3.142222222222222172e+03	6.810156756412881762e-01
3.146666666666666515e+03	6.800937766627727088e-01
3.151111111111111313e+03	6.797004843534788510e-01
3.155555555555555657e+03	6.789237700741748149e-01
3.160000000000000000e+03	6.786423035629369771e-01
3.164444444444444343e+03	6.798752970678552110e-01
3.168888888888888687e+03	6.811224089696116257e-01
3.173333333333333485e+03	6.822047532996236008e-01
3.177777777777777828e+03	6.825057225943123029e-01
3.182222222222222172e+03	6.817344339886542981e-01
3.186666666666666515e+03	6.822483952683918718e-01
3.191111111111111313e+03	6.831019187805171811e-01
3.195555555555555657e+03	6.835795966607758345e-01
3.200000000000000000e+03	6.846000348916077005e-01
3.204444444444444343e+03	6.846730987745824892e-01
3.208888888888888687e+03	6.849271731632236015e-01
3.213333333333333485e+03	6.852920206639439016e-01
3.217777777777777828e+03	6.863888201059171745e-01
3.222222222222222172e+03	6.863433793640120184e-01
3.226666666666666515e+03	6.866481033927993582e-01
3.231111111111111313e+03	6.861007536073371327e-01
3.235555555555555657e+03	6.870892628772724553e-01
3.240000000000000000e+03	6.887263475614068264e-01
3.244444444444444343e+03	6.879339170640408341e-01
3.248888888888888687e+03	6.887687802451072372e-01
3.253333333333333485e+03	6.897411010748744076e-01
3.257777777777777828e+03	6.892997762009087648e-01
3.262222222222222172e+03	6.882668650808392297e-01
3.266666666666666515e+03	6.895399771894268337e-01
3.271111111111111313e+03	6.896933060666715631e-01
3.275555555555555657e+03	6.905364019316095892e-01
3.280000000000000000e+03	6.901330714303831604e-01
3.284444444444444343e+03	6.900811516398104306e-01
3.288888888888888687e+03	6.897584272787955495e-01
3.293333333333333485e+03	6.897316082208476695e-01
3.297777777777777828e+03	6.900023618082358201e-01
3.302222222222222172e+03	6.904459701439543684e-01
3.306666666666666515e+03	6.907755400578540206e-01
3.311111111111111313e+03	6.909511770664417130e-01
3.315555555555555657e+03	6.908811304340275461e-01
3.320000000000000000e+03	6.909084955964681640e-01
3.324444444444444343e+03	6.915180211955600509e-01
3.328888888888888687e+03	6.909486359394976240e-01
3.333333333333333485e+03	6.918266401711432589e-01
3.337777777777777828e+03	6.925372765755444249e-01
3.342222222222222172e+03	6.935951004822618060e-01
3.346666666666666515e+03	6.944160919631552353e-01
3.351111111111111313e+03	6.949372918261316201e-01
3.355555555555555657e+03	6.945788583019948392e-01
3.360000000000000000e+03	6.955810987156267888e-01
3.364444444444444343e+03	6.956669674839108808e-01
3.368888888888888687e+03	6.963227179598688865e-01
3.373333333333333485e+03	6.960512353653824924e-01
3.377777777777777828e+03	6.971371781668076473e-01
3.382222222222222172e+03	6.976585747732100273e-01
3.386666666666666515e+03	6.970343008990734779e-01
3.391111111111111313e+03	6.982033665247187049e-01
3.395555555555555657e+03	6.976381385888958953e-01
3.400000000000000000e+03	6.973775147432819121e-01
3.404444444444444343e+03	6.974765925400630007e-01
3.408888888888888687e+03	6.994494203129391074e-01
3.413333333333333485e+03	6.997911387551648543e-01
3.417777777777777828e+03	6.982242198326849003e-01
3.422222222222222172e+03	6.969101117848173210e-01
3.426666666666666515e+03	6.970805591172242188e-01
3.431111111111111313e+03	6.970670724671059748e-01
3.435555555555555657e+03	6.969152254916124445e-01
3.440000000000000000e+03	6.979589359490561140e-01
3.444444444444444343e+03	6.985933771676366977e-01
3.448888888888888687e+03	6.991227878122574513e-01
3.453333333333333485e+03	6.997499532608676409e-01
3.457777777777777828e+03	7.004558659385068387e-01
3.462222222222222172e+03	7.000353109578387745e-01
3.466666666666666515e+03	6.993901898521215355e-01
3.471111111111111313e+03	6.987568557639176614e-01
3.475555555555555657e+03	6.983727432404225333e-01
3.480000000000000000e+03	6.988063522922447479e-01
3.484444444444444343e+03	6.993478333750479115e-01
3.488888888888888687e+03	7.000829534176352675e-01
3.493333333333333485e+03	7.003663455241355695e-01
3.497777777777777828e+03	7.011140473690372632e-01
3.502222222222222172e+03	7.022176844532217466e-01
3.506666666666666515e+03	7.031159052773228169e-01
3.511111111111111313e+03	7.040251591443407175e-01
3.515555555555555657e+03	7.042683984244986206e-01
3.520000000000000000e+03	7.037218905363407107e-01
3.524444444444444343e+03	7.026323195359054363e-01
3.528888888888888687e+03	7.018800225394559167e-01
3.533333333333333485e+03	7.019784227530567744e-01
3.537777777777777828e+03	7.014906498451776162e-01
3.542222222222222172e+03	7.015550031116558616e-01
3.546666666666666515e+03	7.010065176159225864e-01
3.551111111111111313e+03	7.008121376476488251e-01
3.555555555555555657e+03	7.016188666941840513e-01
3.560000000000000000e+03	7.020836710710993689e-01
3.564444444444444343e+03	7.025027032626676160e-01
3.568888888888888687e+03	7.027965941372624759e-01
3.573333333333333485e+03	7.032056576202748710e-01
3.577777777777777828e+03	7.044249785961732568e-01
3.582222222222222172e+03	7.049034984555684336e-01
3.586666666666666515e+03	7.047015724760308242e-01
3.591111111111111313e+03	7.053436152078496058e-01
3.595555555555555657e+03	7.055567951595596021e-01
3.600000000000000000e+03	7.060123374579785338e-01
3.604444444444444343e+03	7.054048118245888066e-01
3.608888888888888687e+03	7.055406508504628027e-01
3.613333333333333485e+03	7.071120694131867168e-01
3.617777777777777828e+03	7.083530631767276375e-01
3.622222222222222172e+03	7.077752856958131611e-01
3.626666666666666515e+03	7.084250407854351117e-01
3.631111111111111313e+03	7.085782402270432989e-01
3.635555555555555657e+03	7.085261614139100050e-01
3.640000000000000000e+03	7.086673310865900799e-01
3.644444444444444343e+03	7.092334073808139738e-01
3.648888888888888687e+03	7.097846499489121053e-01
3.653333333333333485e+03	7.092289630140401480e-01
3.657777777777777828e+03	7.102975731937459791e-01
3.662222222222222172e+03	7.106279746525687724e-01
3.666666666666666515e+03	7.115964303889679154e-01
3.671111111111111313e+03	7.114636854863027882e-01
3.675555555555555657e+03	7.115792130684687189e-01
3.680000000000000000e+03	7.114499720604644528e-01
3.684444444444444343e+03	7.123821725213135281e-01
3.688888888888888687e+03	7.120737988720924339e-01
3.693333333333333485e+03	7.107143973671649073e-01
3.697777777777777828e+03	7.109819602318604437e-01
3.702222222222222172e+03	7.115381635085966661e-01
3.706666666666666515e+03	7.120660679127597259e-01
3.711111111111111313e+03	7.114983401181549372e-01
3.715555555555555657e+03	7.115028985404872053e-01
3.720000000000000000e+03	7.107429564604680339e-01
3.724444444444444343e+03	7.109078248898446084e-01
3.728888888888888687e+03	7.104157074804733352e-01
3.733333333333333485e+03	7.109771459760987344e-01
3.737777777777777828e+03	7.098220747106039896e-01
3.742222222222222172e+03	7.096497906992882410e-01
3.746666666666666515e+03	7.095731337065984690e-01
3.751111111111111313e+03	7.093474245367288322e-01
3.755555555555555657e+03	7.084960224370340232e-01
3.760000000000000000e+03	7.075231592071209441e-01
3.764444444444444343e+03	7.084104127337504941e-01
3.768888888888888687e+03	7.099219240692148380e-01
3.773333333333333485e+03	7.101869832156416651e-01
3.777777777777777828e+03	7.110248058056553022e-01
3.782222222222222172e+03	7.107585979104347196e-01
3.786666666666666515e+03	7.104879754916239021e-01
3.791111111111111313e+03	7.101857494395096282e-01
3.795555555555555657e+03	7.102403728196108323e-01
3.800000000000000000e+03	7.109225102323345480e-01
3.804444444444444343e+03	7.111459583137696994e-01
3.808888888888888687e+03	7.102694170634464843e-01
3.813333333333333485e+03	7.107368997530028043e-01
3.817777777777777828e+03	7.115602184200801039e-01
3.822222222222222172e+03	7.110899434330357760e-01
3.826666666666666515e+03	7.114229535973464191e-01
3.831111111111111313e+03	7.112264933433747327e-01
3.835555555555555657e+03	7.109763808634386173e-01
3.840000000000000000e+03	7.123741355504219497e-01
3.844444444444444343e+03	7.119484085874809853e-01
3.848888888888888687e+03	7.119134348768680898e-01
3.853333333333333485e+03	7.115610523873308058e-01
3.857777777777777828e+03	7.121073501777839265e-01
3.862222222222222172e+03	7.119284890609971495e-01
3.866666666666666515e+03	7.118044424567246953e-01
3.871111111111111313e+03	7.134547539732687405e-01
3.875555555555555657e+03	7.137965647018194026e-01
3.880000000000000000e+03	7.146178778478107230e-01
3.884444444444444343e+03	7.149656536730227829e-01
3.888888888888888687e+03	7.142695915720179700e-01
3.893333333333333485e+03	7.144305229699452475e-01
3.897777777777777828e+03	7.160295605688458132e-01
3.902222222222222172e+03	7.154186191597604605e-01
3.906666666666666515e+03	7.155925207270708022e-01
3.911111111111111313e+03	7.160097960906823822e-01
3.915555555555555657e+03	7.169845416055055098e-01
3.920000000000000000e+03	7.172458203924463316e-01
3.924444444444444343e+03	7.178327066241225740e-01
3.928888888888888687e+03	7.164407691645675591e-01
3.933333333333333485e+03	7.169651459387700321e-01
3.937777777777777828e+03	7.170289775001619237e-01
3.942222222222222172e+03	7.174074230264275709e-01
3.946666666666666515e+03	7.175176689016768972e-01
3.951111111111111313e+03	7.178853514870067176e-01
3.955555555555555657e+03	7.182295640849947205e-01
3.960000000000000000e+03	7.192732875901712841e-01
3.964444444444444343e+03	7.198819246914353043e-01
3.968888888888888687e+03	7.197531970047954530e-01
3.973333333333333485e+03	7.184283639004780397e-01
3.977777777777777828e+03	7.197530692186007162e-01
3.982222222222222172e+03	7.196709055464307614e-01
3.986666666666666515e+03	7.195348882584924333e-01
3.991111111111111313e+03	7.200516998880208686e-01
3.995555555555555657e+03	7.203020632083585451e-01
4.000000000000000000e+03	7.211616497620274568e-01
4.004444444444444343e+03	7.207294819993921298e-01
4.008888888888888687e+03	7.208258853921196696e-01
4.013333333333333485e+03	7.205290696944457451e-01
4.017777777777777828e+03	7.199499005092936388e-01
4.022222222222222172e+03	7.201042674187008163e-01
4.026666666666666515e+03	7.201521968573367793e-01
4.031111111111111313e+03	7.208530425349800597e-01
4.035555555555555657e+03	7.208361831099368011e-01
4.040000000000000000e+03	7.205741830336116482e-01
4.044444444444444343e+03	7.200473298140315226e-01
4.048888888888888687e+03	7.198597004283218137e-01
4.053333333333333485e+03	7.210313244572955638e-01
4.057777777777777828e+03	7.215413807796221546e-01
4.062222222222222172e+03	7.221037372553188449e-01
4.066666666666666515e+03	7.219565274180465009e-01
4.071111111111111313e+03	7.222268823610251687e-01
4.075555555555555657e+03	7.222900366863550525e-01
4.080000000000000000e+03	7.243715585255268152e-01
4.084444444444444343e+03	7.237092397176531078e-01
4.088888888888888687e+03	7.243542270145594264e-01
4.093333333333333485e+03	7.238640311814029671e-01
4.097777777777777374e+03	7.237805514178733413e-01
4.102222222222222626e+03	7.245794296013207125e-01
4.106666666666666970e+03	7.247091642370642184e-01
4.111111111111111313e+03	7.253956469987986599e-01
4.115555555555555657e+03	7.244255443168786668e-01
4.120000000000000000e+03	7.247636641263122126e-01
4.124444444444444343e+03	7.266678397534972467e-01
4.128888888888888687e+03	7.263636986492288949e-01
4.133333333333333030e+03	7.273365837427866465e-01
4.137777777777777374e+03	7.268685001728899531e-01
4.142222222222222626e+03	7.272135140643025686e-01
4.146666666666666970e+03	7.272716322267790412e-01
4.151111111111111313e+03	7.287243727864872733e-01
4.155555555555555657e+03	7.289752210038618063e-01
4.160000000000000000e+03	7.308039702717518127e-01
4.164444444444444343e+03	7.307533523456365421e-01
4.168888888888888687e+03	7.306410771351875555e-01
4.173333333333333030e+03	7.309587369381376210e-01
4.177777777777777374e+03	7.317703599462195285e-01
4.182222222222222626e+03	7.321609324071054470e-01
4.186666666666666970e+03	7.327912688391610141e-01
4.191111111111111313e+03	7.327431895281603103e-01
4.195555555555555657e+03	7.323779315842520177e-01
4.200000000000000000e+03	7.326457250669948795e-01
4.204444444444444343e+03	7.325972812698573478e-01
4.208888888888888687e+03	7.324029814053325538e-01
4.213333333333333030e+03	7.330937090716402871e-01
4.217777777777777374e+03	7.331981479935455459e-01
4.222222222222222626e+03	7.328938900502866005e-01
4.226666666666666970e+03	7.328960212957146281e-01
4.231111111111111313e+03	7.334561720366592485e-01
4.235555555555555657e+03	7.345336572057853397e-01
4.240000000000000000e+03	7.342477661117261523e-01
4.244444444444444343e+03	7.346220572524051473e-01
4.248888888888888687e+03	7.364542405371657940e-01
4.253333333333333030e+03	7.362277365737518453e-01
4.257777777777777374e+03	7.347596674107077508e-01
4.262222222222222626e+03	7.347776703068517046e-01
4.266666666666666970e+03	7.347585480598675112e-01
4.271111111111111313e+03	7.345340997248892556e-01
4.275555555555555657e+03	7.328450318393974205e-01
4.280000000000000000e+03	7.330016304896758150e-01
4.284444444444444343e+03	7.330274908368380471e-01
4.288888888888888687e+03	7.329342939088067110e-01
4.293333333333333030e+03	7.325266873120686029e-01
4.297777777777777374e+03	7.313589783859519855e-01
4.302222222222222626e+03	7.317597153732899873e-01
4.306666666666666970e+03	7.311198324073715504e-01
4.311111111111111313e+03	7.310437933289682944e-01
4.315555555555555657e+03	7.302293315357246684e-01
4.320000000000000000e+03	7.301276109256840119e-01
4.324444444444444343e+03	7.307701794468287604e-01
4.328888888888888687e+03	7.304418059479873548e-01
4.333333333333333030e+03	7.304143451592407521e-01
4.337777777777777374e+03	7.308946346466816957e-01
4.342222222222222626e+03	7.309440655851187074e-01
4.346666666666666970e+03	7.302962404454802492e-01
4.351111111111111313e+03	7.309276944947871169e-01
4.355555555555555657e+03	7.308481408576568139e-01
4.360000000000000000e+03	7.300537884741412631e-01
4.364444444444444343e+03	7.301197010616308214e-01
4.368888888888888687e+03	7.306884206322062925e-01
4.373333333333333030e+03	7.305838740337661230e-01
4.377777777777777374e+03	7.299046758627392162e-01
4.382222222222222626e+03	7.311577455125906067e-01
4.386666666666666970e+03	7.307154591347501116e-01
4.391111111111111313e+03	7.325389909714002945e-01
4.395555555555555657e+03	7.323755881476088359e-01
4.400000000000000000e+03	7.314074494114294334e-01
4.404444444444444343e+03	7.316759837325138571e-01
4.408888888888888687e+03	7.331170771270031361e-01
4.413333333333333030e+03	7.330740908394226540e-01
4.417777777777777374e+03	7.348620253399934521e-01
4.422222222222222626e+03	7.340165373124818426e-01
4.426666666666666970e+03	7.340354104940991498e-01
4.431111111111111313e+03	7.344963862106144159e-01
4.435555555555555657e+03	7.344612016222753503e-01
4.440000000000000000e+03	7.349724960034216270e-01
4.444444444444444343e+03	7.340603188323674422e-01
